"term","estimate","std.error","statistic","p.value"
"k__Bacteria.p__Firmicutes.c__Bacilli.o__Lactobacillales.f__Streptococcaceae",3.29526437780192,0.995344091864694,3.31067859319737,0.00305074342412284
"k__Bacteria.p__Firmicutes.c__Bacilli.o__Lactobacillales.f__Streptococcaceae.g__Streptococcus",3.29526437780192,0.995344091864694,3.31067859319737,0.00305074342412284
"k__Bacteria.p__Firmicutes.c__Bacilli.o__Lactobacillales.f__Streptococcaceae.g__Streptococcus.s__Streptococcus_salivarius",3.5313668100194,1.36053265300121,2.59557666788044,0.0161691526379534
"k__Bacteria.p__Firmicutes.c__Bacilli.o__Lactobacillales.f__Streptococcaceae.g__Streptococcus.s__Streptococcus_salivarius.t__Streptococcus_salivarius_unclassified",3.5313668100194,1.36053265300121,2.59557666788044,0.0161691526379534
"k__Bacteria.p__Firmicutes.c__Clostridia",-0.0905703433980148,0.0378998835780556,-2.38972616397313,0.0254456353751883
"k__Bacteria.p__Firmicutes.c__Clostridia.o__Clostridiales",-0.0905703433980148,0.0378998835780556,-2.38972616397313,0.0254456353751883
"k__Bacteria.p__Firmicutes",-0.0905551154132831,0.0382889646001589,-2.36504476835363,0.0268404307094314
"k__Bacteria.p__Bacteroidetes.c__Bacteroidia.o__Bacteroidales.f__Rikenellaceae.g__Alistipes.s__Alistipes_finegoldii",-2.05400404792775,0.903766055395066,-2.27271652400119,0.0327040492292819
"k__Bacteria.p__Bacteroidetes.c__Bacteroidia.o__Bacteroidales.f__Rikenellaceae.g__Alistipes.s__Alistipes_finegoldii.t__GCF_000265365",-2.05400404792775,0.903766055395066,-2.27271652400119,0.0327040492292819
"k__Bacteria.p__Firmicutes.c__Clostridia.o__Clostridiales.f__Ruminococcaceae",-0.14103194781833,0.0649620336571368,-2.17099034433993,0.0405001396827679
"k__Bacteria.p__Firmicutes.c__Clostridia.o__Clostridiales.f__Ruminococcaceae.g__Subdoligranulum",-0.257191749644965,0.119688944270109,-2.14883464143978,0.0424067269428461
"k__Bacteria.p__Firmicutes.c__Clostridia.o__Clostridiales.f__Ruminococcaceae.g__Subdoligranulum.s__Subdoligranulum_unclassified",-0.257191749644965,0.119688944270109,-2.14883464143978,0.0424067269428461
"k__Bacteria.p__Firmicutes.c__Clostridia.o__Clostridiales.f__Ruminococcaceae.g__Ruminococcus",-0.22083446214926,0.102967814946684,-2.14469407031319,0.0427718876576844
"k__Bacteria.p__Firmicutes.c__Clostridia.o__Clostridiales.f__Lachnospiraceae.g__Dorea.s__Dorea_longicatena",-4.09736579448374,1.92486032738103,-2.12865616076083,0.0442131672378661
"k__Bacteria.p__Firmicutes.c__Clostridia.o__Clostridiales.f__Lachnospiraceae.g__Dorea.s__Dorea_longicatena.t__GCF_000154065",-4.09736579448374,1.92486032738103,-2.12865616076083,0.0442131672378661
"k__Bacteria.p__Firmicutes.c__Clostridia.o__Clostridiales.f__Peptostreptococcaceae",-4.97259949416121,2.3960605485706,-2.07532297008424,0.0493252575943808
"k__Bacteria.p__Firmicutes.c__Clostridia.o__Clostridiales.f__Peptostreptococcaceae.g__Peptostreptococcaceae_noname",-4.97259949416121,2.3960605485706,-2.07532297008424,0.0493252575943808
"k__Bacteria.p__Firmicutes.c__Clostridia.o__Clostridiales.f__Lachnospiraceae.g__Lachnospiraceae_noname.s__Lachnospiraceae_bacterium_7_1_58FAA",-9.4906809798703,4.64470470194148,-2.04333355700809,0.0526393635542961
"k__Bacteria.p__Firmicutes.c__Clostridia.o__Clostridiales.f__Lachnospiraceae.g__Lachnospiraceae_noname.s__Lachnospiraceae_bacterium_7_1_58FAA.t__GCF_000242155",-9.4906809798703,4.64470470194148,-2.04333355700809,0.0526393635542961
"k__Bacteria.p__Bacteroidetes.c__Bacteroidia.o__Bacteroidales.f__Bacteroidaceae.g__Bacteroides.s__Bacteroides_finegoldii",-2.06387672663196,1.03383380897096,-1.99633317146619,0.0578684809114802
"k__Bacteria.p__Bacteroidetes.c__Bacteroidia.o__Bacteroidales.f__Bacteroidaceae.g__Bacteroides.s__Bacteroides_finegoldii.t__Bacteroides_finegoldii_unclassified",-2.06387672663196,1.03383380897096,-1.99633317146619,0.0578684809114802
"k__Bacteria.p__Bacteroidetes.c__Bacteroidia.o__Bacteroidales.f__Bacteroidaceae.g__Bacteroides.s__Bacteroides_cellulosilyticus",0.132867841618543,0.066624744720104,1.9942716805405,0.0581080304485149
"k__Bacteria.p__Bacteroidetes.c__Bacteroidia.o__Bacteroidales.f__Bacteroidaceae.g__Bacteroides.s__Bacteroides_cellulosilyticus.t__Bacteroides_cellulosilyticus_unclassified",0.132867841618543,0.066624744720104,1.9942716805405,0.0581080304485149
"k__Bacteria.p__Proteobacteria.c__Gammaproteobacteria.o__Enterobacteriales.f__Enterobacteriaceae.g__Klebsiella",0.267074418037208,0.13440522096169,1.98708365736278,0.058950176440624
"k__Bacteria.p__Firmicutes.c__Bacilli.o__Lactobacillales.f__Lactobacillaceae.g__Lactobacillus.s__Lactobacillus_ruminis",0.90672156321699,0.376567916779424,2.40785665165444,0.0610254121606794
"k__Bacteria.p__Firmicutes.c__Bacilli.o__Lactobacillales.f__Lactobacillaceae.g__Lactobacillus.s__Lactobacillus_ruminis.t__Lactobacillus_ruminis_unclassified",0.90672156321699,0.376567916779424,2.40785665165444,0.0610254121606794
"k__Bacteria.p__Bacteroidetes.c__Bacteroidia.o__Bacteroidales.f__Rikenellaceae.g__Alistipes.s__Alistipes_senegalensis",-2.53630876792391,1.28944898373928,-1.96697100847593,0.0613642025883755
"k__Bacteria.p__Bacteroidetes.c__Bacteroidia.o__Bacteroidales.f__Rikenellaceae.g__Alistipes.s__Alistipes_senegalensis.t__GCF_000312145",-2.53630876792391,1.28944898373928,-1.96697100847593,0.0613642025883755
"k__Bacteria.p__Proteobacteria.c__Gammaproteobacteria.o__Enterobacteriales.f__Enterobacteriaceae.g__Klebsiella.s__Klebsiella_pneumoniae",0.256103394417189,0.134941309165047,1.8978872815288,0.0703325482453241
"k__Bacteria.p__Proteobacteria.c__Gammaproteobacteria.o__Enterobacteriales.f__Enterobacteriaceae.g__Klebsiella.s__Klebsiella_pneumoniae.t__Klebsiella_pneumoniae_unclassified",0.256103394417189,0.134941309165047,1.8978872815288,0.0703325482453241
"k__Viruses.p__Viruses_noname.c__Viruses_noname.o__Caudovirales.f__Podoviridae.g__Podoviridae_noname",0.28216230670435,0.14915192232179,1.8917778752834,0.0711783312159203
"k__Viruses.p__Viruses_noname.c__Viruses_noname.o__Caudovirales.f__Podoviridae.g__Podoviridae_noname.s__Clostridium_phage_phi24R",0.28216230670435,0.14915192232179,1.8917778752834,0.0711783312159203
"k__Viruses.p__Viruses_noname.c__Viruses_noname.o__Caudovirales.f__Podoviridae.g__Podoviridae_noname.s__Clostridium_phage_phi24R.t__PRJNA181218",0.28216230670435,0.14915192232179,1.8917778752834,0.0711783312159203
"k__Viruses.p__Viruses_noname.c__Viruses_noname.o__Caudovirales.f__Podoviridae",0.26871132453687,0.150314760745392,1.78765760065322,0.0870166160118475
"k__Bacteria.p__Firmicutes.c__Clostridia.o__Clostridiales.f__Lachnospiraceae.g__Coprococcus.s__Coprococcus_comes",-5.30824694981143,2.99540251605463,-1.77213143187285,0.0896214294876714
"k__Bacteria.p__Firmicutes.c__Clostridia.o__Clostridiales.f__Lachnospiraceae.g__Coprococcus.s__Coprococcus_comes.t__GCF_000155875",-5.30824694981143,2.99540251605463,-1.77213143187285,0.0896214294876714
"k__Bacteria",-0.217069242271354,0.122701638258849,-1.76908185865807,0.0901408448305596
"k__Bacteria.p__Firmicutes.c__Clostridia.o__Clostridiales.f__Eubacteriaceae.g__Eubacterium.s__Eubacterium_sp_3_1_31",4.32638712924202,2.44580214414456,1.76890315498321,0.0901713622838576
"k__Bacteria.p__Firmicutes.c__Clostridia.o__Clostridiales.f__Eubacteriaceae.g__Eubacterium.s__Eubacterium_sp_3_1_31.t__Eubacterium_sp_3_1_31_unclassified",4.32638712924202,2.44580214414456,1.76890315498321,0.0901713622838576
"k__Bacteria.p__Bacteroidetes.c__Bacteroidia.o__Bacteroidales.f__Bacteroidaceae.g__Bacteroides.s__Bacteroides_ovatus",-0.0837100310568736,0.0473494936216609,-1.76791818991236,0.0903397251039279
"k__Bacteria.p__Bacteroidetes.c__Bacteroidia.o__Bacteroidales.f__Bacteroidaceae.g__Bacteroides.s__Bacteroides_ovatus.t__Bacteroides_ovatus_unclassified",-0.0837100310568736,0.0473494936216609,-1.76791818991236,0.0903397251039279
"k__Bacteria.p__Firmicutes.c__Clostridia.o__Clostridiales.f__Lachnospiraceae.g__Coprococcus",-5.25554991197961,2.98047172278249,-1.76332822479294,0.0911278603876557
"k__Bacteria.p__Bacteroidetes.c__Bacteroidia.o__Bacteroidales.f__Bacteroidaceae.g__Bacteroides.s__Bacteroides_caccae",0.211130133614325,0.120648903602833,1.74995484674564,0.0934578525787301
"k__Bacteria.p__Bacteroidetes.c__Bacteroidia.o__Bacteroidales.f__Bacteroidaceae.g__Bacteroides.s__Bacteroides_caccae.t__Bacteroides_caccae_unclassified",0.211130133614325,0.120648903602833,1.74995484674564,0.0934578525787301
"k__Bacteria.p__Firmicutes.c__Clostridia.o__Clostridiales.f__Lachnospiraceae.g__Dorea",-1.28365631952851,0.746402130637965,-1.71979187469809,0.098900602323037
"k__Viruses",0.231770890585514,0.135614207963868,1.70904578558071,0.100903800143596
"k__Viruses.p__Viruses_noname",0.231770890585514,0.135614207963868,1.70904578558071,0.100903800143596
"k__Viruses.p__Viruses_noname.c__Viruses_noname",0.231770890585514,0.135614207963868,1.70904578558071,0.100903800143596
"k__Viruses.p__Viruses_noname.c__Viruses_noname.o__Caudovirales",0.231770890585514,0.135614207963868,1.70904578558071,0.100903800143596
"k__Bacteria.p__Firmicutes.c__Clostridia.o__Clostridiales.f__Ruminococcaceae.g__Ruminococcus.s__Ruminococcus_bromii",-0.181152141250206,0.108352066006247,-1.671884514318,0.108098552391963
"k__Bacteria.p__Firmicutes.c__Clostridia.o__Clostridiales.f__Ruminococcaceae.g__Ruminococcus.s__Ruminococcus_bromii.t__GCF_000209875",-0.181152141250206,0.108352066006247,-1.671884514318,0.108098552391963
"k__Bacteria.p__Bacteroidetes.c__Bacteroidia.o__Bacteroidales.f__Bacteroidaceae.g__Bacteroides.s__Bacteroides_vulgatus",0.134417088541224,0.080499948732826,1.66977856082052,0.108518938847304
"k__Bacteria.p__Bacteroidetes.c__Bacteroidia.o__Bacteroidales.f__Bacteroidaceae.g__Bacteroides.s__Bacteroides_vulgatus.t__Bacteroides_vulgatus_unclassified",0.134417088541224,0.080499948732826,1.66977856082052,0.108518938847304
"k__Bacteria.p__Proteobacteria.c__Gammaproteobacteria.o__Enterobacteriales",0.0799750642413268,0.0483159512452545,1.65525177876285,0.111456453530444
"k__Bacteria.p__Proteobacteria.c__Gammaproteobacteria.o__Enterobacteriales.f__Enterobacteriaceae",0.0799750642413268,0.0483159512452545,1.65525177876285,0.111456453530444
"k__Bacteria.p__Proteobacteria.c__Gammaproteobacteria",0.0799801806968004,0.048319586584203,1.6552331332021,0.111460266495558
"k__Bacteria.p__Firmicutes.c__Clostridia.o__Clostridiales.f__Lachnospiraceae.g__Lachnospiraceae_noname",-0.252519673931914,0.152802440294351,-1.65258927439557,0.112002040132844
"k__Bacteria.p__Proteobacteria",0.0798031583136974,0.0486317861063279,1.6409670444597,0.114409964140234
"k__Bacteria.p__Actinobacteria.c__Actinobacteria.o__Coriobacteriales.f__Coriobacteriaceae.g__Collinsella",-1.00002171355859,0.6145551149693,-1.62722868820081,0.117312173766589
"k__Bacteria.p__Bacteroidetes.c__Bacteroidia.o__Bacteroidales.f__Rikenellaceae",-0.106266190301311,0.0654685165160794,-1.62316478142913,0.118182387519552
"k__Bacteria.p__Bacteroidetes.c__Bacteroidia.o__Bacteroidales.f__Rikenellaceae.g__Alistipes",-0.106266190301311,0.0654685165160794,-1.62316478142913,0.118182387519552
"k__Bacteria.p__Firmicutes.c__Clostridia.o__Clostridiales.f__Eubacteriaceae.g__Eubacterium.s__Eubacterium_ventriosum",-4.78382001005771,3.02722362921439,-1.580266473838,0.127701476493898
"k__Bacteria.p__Firmicutes.c__Clostridia.o__Clostridiales.f__Eubacteriaceae.g__Eubacterium.s__Eubacterium_ventriosum.t__GCF_000153885",-4.78382001005771,3.02722362921439,-1.580266473838,0.127701476493898
"k__Bacteria.p__Firmicutes.c__Bacilli.o__Lactobacillales.f__Streptococcaceae.g__Streptococcus.s__Streptococcus_parasanguinis",4.00458828728616,2.53866025735547,1.57744159569338,0.128350034050605
"k__Bacteria.p__Firmicutes.c__Bacilli.o__Lactobacillales.f__Streptococcaceae.g__Streptococcus.s__Streptococcus_parasanguinis.t__Streptococcus_parasanguinis_unclassified",4.00458828728616,2.53866025735547,1.57744159569338,0.128350034050605
"k__Bacteria.p__Bacteroidetes.c__Bacteroidia.o__Bacteroidales.f__Bacteroidaceae.g__Bacteroides.s__Bacteroides_fragilis",-0.160523262852581,0.103127894134238,-1.55654553212958,0.133232705457665
"k__Bacteria.p__Bacteroidetes.c__Bacteroidia.o__Bacteroidales.f__Bacteroidaceae.g__Bacteroides.s__Bacteroides_fragilis.t__Bacteroides_fragilis_unclassified",-0.160523262852581,0.103127894134238,-1.55654553212958,0.133232705457665
"k__Bacteria.p__Firmicutes.c__Clostridia.o__Clostridiales.f__Peptostreptococcaceae.g__Peptostreptococcaceae_noname.s__Clostridium_bartlettii",-6.33027093559425,4.07395669977576,-1.55383854127431,0.133876308175794
"k__Bacteria.p__Firmicutes.c__Clostridia.o__Clostridiales.f__Peptostreptococcaceae.g__Peptostreptococcaceae_noname.s__Clostridium_bartlettii.t__GCF_000154445",-6.33027093559425,4.07395669977576,-1.55383854127431,0.133876308175794
"k__Bacteria.p__Firmicutes.c__Clostridia.o__Clostridiales.f__Lachnospiraceae.g__Roseburia.s__Roseburia_inulinivorans",-0.780987074367135,0.509112412770661,-1.53401695730987,0.138667474728249
"k__Bacteria.p__Firmicutes.c__Clostridia.o__Clostridiales.f__Lachnospiraceae.g__Roseburia.s__Roseburia_inulinivorans.t__GCF_000174195",-0.780987074367135,0.509112412770661,-1.53401695730987,0.138667474728249
"k__Bacteria.p__Bacteroidetes.c__Bacteroidia.o__Bacteroidales.f__Bacteroidaceae.g__Bacteroides.s__Bacteroides_uniformis.t__GCF_000154205",0.110567152203142,0.0720789266923794,1.53397334390152,0.138678170046876
"k__Bacteria.p__Firmicutes.c__Bacilli.o__Lactobacillales.f__Streptococcaceae.g__Streptococcus.s__Streptococcus_thermophilus",107.554082994567,71.6845591768782,1.50038005714986,0.147119516537114
"k__Bacteria.p__Firmicutes.c__Bacilli.o__Lactobacillales.f__Streptococcaceae.g__Streptococcus.s__Streptococcus_thermophilus.t__Streptococcus_thermophilus_unclassified",107.554082994567,71.6845591768782,1.50038005714986,0.147119516537114
"k__Bacteria.p__Proteobacteria.c__Gammaproteobacteria.o__Enterobacteriales.f__Enterobacteriaceae.g__Escherichia.s__Escherichia_unclassified",0.406616557992972,0.27711540460344,1.46731849344446,0.155831595508191
"k__Bacteria.p__Proteobacteria.c__Deltaproteobacteria.o__Desulfovibrionales.f__Desulfovibrionaceae.g__Desulfovibrio",-5.802144000984,4.01066433699363,-1.44667903206611,0.161478835577101
"k__Bacteria.p__Firmicutes.c__Clostridia.o__Clostridiales.f__Lachnospiraceae.g__Anaerostipes.s__Anaerostipes_caccae",13.101381910979,9.06511499159243,1.44525269929064,0.161875111963683
"k__Bacteria.p__Firmicutes.c__Clostridia.o__Clostridiales.f__Lachnospiraceae.g__Anaerostipes.s__Anaerostipes_caccae.t__GCF_000154305",13.101381910979,9.06511499159243,1.44525269929064,0.161875111963683
"k__Bacteria.p__Firmicutes.c__Clostridia.o__Clostridiales.f__Lachnospiraceae.g__Blautia.s__Blautia_producta",5.74333772823525,3.97393323053762,1.44525269929064,0.161875111963683
"k__Bacteria.p__Firmicutes.c__Clostridia.o__Clostridiales.f__Lachnospiraceae.g__Blautia.s__Blautia_producta.t__GCF_000373885",5.74333772823525,3.97393323053762,1.44525269929064,0.161875111963683
"k__Bacteria.p__Firmicutes.c__Bacilli.o__Lactobacillales.f__Enterococcaceae",9.01303363037158,6.23630292113994,1.44525269929064,0.161875111963683
"k__Bacteria.p__Firmicutes.c__Bacilli.o__Lactobacillales.f__Enterococcaceae.g__Enterococcus",9.01303363037158,6.23630292113994,1.44525269929064,0.161875111963683
"k__Bacteria.p__Firmicutes.c__Bacilli.o__Lactobacillales.f__Enterococcaceae.g__Enterococcus.s__Enterococcus_faecium",9.01303363037158,6.23630292113994,1.44525269929064,0.161875111963683
"k__Bacteria.p__Firmicutes.c__Bacilli.o__Lactobacillales.f__Enterococcaceae.g__Enterococcus.s__Enterococcus_faecium.t__Enterococcus_faecium_unclassified",9.01303363037158,6.23630292113994,1.44525269929064,0.161875111963683
"k__Bacteria.p__Firmicutes.c__Clostridia.o__Clostridiales.f__Lachnospiraceae.g__Lachnospiraceae_noname.s__Lachnospiraceae_bacterium_4_1_37FAA",11.3607176021971,7.8607136369807,1.44525269929064,0.161875111963683
"k__Bacteria.p__Firmicutes.c__Clostridia.o__Clostridiales.f__Lachnospiraceae.g__Lachnospiraceae_noname.s__Lachnospiraceae_bacterium_4_1_37FAA.t__GCF_000191805",11.3607176021971,7.8607136369807,1.44525269929064,0.161875111963683
"k__Bacteria.p__Firmicutes.c__Clostridia.o__Clostridiales.f__Lachnospiraceae.g__Lachnospiraceae_noname.s__Lachnospiraceae_bacterium_5_1_57FAA",89.6476457748675,62.0290457294207,1.44525269929064,0.161875111963683
"k__Bacteria.p__Firmicutes.c__Clostridia.o__Clostridiales.f__Lachnospiraceae.g__Lachnospiraceae_noname.s__Lachnospiraceae_bacterium_5_1_57FAA.t__GCF_000218425",89.6476457748675,62.0290457294207,1.44525269929064,0.161875111963683
"k__Bacteria.p__Firmicutes.c__Bacilli.o__Lactobacillales.f__Streptococcaceae.g__Streptococcus.s__Streptococcus_vestibularis",12.7944105114427,8.85271518103544,1.44525269929064,0.161875111963683
"k__Bacteria.p__Firmicutes.c__Bacilli.o__Lactobacillales.f__Streptococcaceae.g__Streptococcus.s__Streptococcus_vestibularis.t__Streptococcus_vestibularis_unclassified",12.7944105114427,8.85271518103544,1.44525269929064,0.161875111963683
"k__Bacteria.p__Actinobacteria.c__Actinobacteria.o__Coriobacteriales",-0.880354422501815,0.610642813053202,-1.44168473563139,0.16286982282798
"k__Bacteria.p__Actinobacteria.c__Actinobacteria.o__Coriobacteriales.f__Coriobacteriaceae",-0.880354422501815,0.610642813053202,-1.44168473563139,0.16286982282798
"k__Bacteria.p__Firmicutes.c__Clostridia.o__Clostridiales.f__Lachnospiraceae.g__Roseburia.s__Roseburia_hominis",2.58923414326569,1.79896128465231,1.43929397778348,0.163539086723085
"k__Bacteria.p__Firmicutes.c__Clostridia.o__Clostridiales.f__Lachnospiraceae.g__Roseburia.s__Roseburia_hominis.t__GCF_000225345",2.58923414326569,1.79896128465231,1.43929397778348,0.163539086723085
"k__Bacteria.p__Firmicutes.c__Negativicutes",-0.423681346377679,0.298558933375958,-1.41908782157981,0.169284171067846
"k__Bacteria.p__Firmicutes.c__Negativicutes.o__Selenomonadales",-0.423681346377679,0.298558933375958,-1.41908782157981,0.169284171067846
"k__Bacteria.p__Firmicutes.c__Negativicutes.o__Selenomonadales.f__Acidaminococcaceae.g__Acidaminococcaceae_unclassified",11.7297586510797,8.40952144969282,1.39481880404837,0.176396461264057
"k__Bacteria.p__Proteobacteria.c__Gammaproteobacteria.o__Enterobacteriales.f__Enterobacteriaceae.g__Escherichia",0.0983303943426383,0.0710224219237079,1.38449790473584,0.179492216359409
"k__Bacteria.p__Firmicutes.c__Negativicutes.o__Selenomonadales.f__Acidaminococcaceae.g__Acidaminococcus",-0.472709386665734,0.344205715951721,-1.37333392433273,0.182889166037502
"k__Bacteria.p__Firmicutes.c__Negativicutes.o__Selenomonadales.f__Acidaminococcaceae.g__Acidaminococcus.s__Acidaminococcus_unclassified",-0.472709386665734,0.344205715951721,-1.37333392433273,0.182889166037502
"k__Bacteria.p__Bacteroidetes.c__Bacteroidia.o__Bacteroidales.f__Bacteroidaceae.g__Bacteroides.s__Bacteroides_clarus",1.37748315077114,1.00391200240572,1.37211543190062,0.183262981625968
"k__Bacteria.p__Bacteroidetes.c__Bacteroidia.o__Bacteroidales.f__Bacteroidaceae.g__Bacteroides.s__Bacteroides_clarus.t__GCF_000195615",1.37748315077114,1.00391200240572,1.37211543190062,0.183262981625968
"k__Bacteria.p__Firmicutes.c__Clostridia.o__Clostridiales.f__Lachnospiraceae.g__Lachnospiraceae_noname.s__Lachnospiraceae_bacterium_1_1_57FAA",-0.214701882654624,0.156783237025363,-1.36941861086777,0.184092472718445
"k__Bacteria.p__Firmicutes.c__Clostridia.o__Clostridiales.f__Lachnospiraceae.g__Lachnospiraceae_noname.s__Lachnospiraceae_bacterium_1_1_57FAA.t__GCF_000218445",-0.214701882654624,0.156783237025363,-1.36941861086777,0.184092472718445
"k__Viruses.p__Viruses_noname.c__Viruses_noname.o__Caudovirales.f__Podoviridae.g__Epsilon15likevirus",-3.27760250329374,2.37671712356767,-1.37904610977589,0.186854639676139
"k__Viruses.p__Viruses_noname.c__Viruses_noname.o__Caudovirales.f__Podoviridae.g__Epsilon15likevirus.s__Epsilon15likevirus_unclassified",-3.27760250329374,2.37671712356767,-1.37904610977589,0.186854639676139
"k__Bacteria.p__Firmicutes.c__Clostridia.o__Clostridiales.f__Eubacteriaceae.g__Eubacterium.s__Eubacterium_ramulus",-4.61288543132903,3.45768963290967,-1.33409470515353,0.195232879726524
"k__Bacteria.p__Firmicutes.c__Clostridia.o__Clostridiales.f__Eubacteriaceae.g__Eubacterium.s__Eubacterium_ramulus.t__GCF_000469345",-4.61288543132903,3.45768963290967,-1.33409470515353,0.195232879726524
"k__Bacteria.p__Firmicutes.c__Clostridia.o__Clostridiales.f__Ruminococcaceae.g__Ruminococcus.s__Ruminococcus_lactaris",-0.457837732942456,0.343902726977407,-1.33130009455416,0.196136289476649
"k__Bacteria.p__Firmicutes.c__Clostridia.o__Clostridiales.f__Ruminococcaceae.g__Ruminococcus.s__Ruminococcus_lactaris.t__Ruminococcus_lactaris_unclassified",-0.457837732942456,0.343902726977407,-1.33130009455416,0.196136289476649
"k__Bacteria.p__Proteobacteria.c__Gammaproteobacteria.o__Enterobacteriales.f__Enterobacteriaceae.g__Escherichia.s__Escherichia_coli",0.12278322658324,0.0931661493417127,1.3178952597139,0.200515106347048
"k__Bacteria.p__Proteobacteria.c__Gammaproteobacteria.o__Enterobacteriales.f__Enterobacteriaceae.g__Escherichia.s__Escherichia_coli.t__Escherichia_coli_unclassified",0.12278322658324,0.0931661493417127,1.3178952597139,0.200515106347048
"k__Bacteria.p__Firmicutes.c__Negativicutes.o__Selenomonadales.f__Acidaminococcaceae",-0.431722210921106,0.328061201153946,-1.31598070543708,0.201146676836103
"k__Bacteria.p__Firmicutes.c__Clostridia.o__Clostridiales.f__Lachnospiraceae.g__Anaerostipes.s__Anaerostipes_hadrus",-10.4256464708215,7.93144031911612,-1.31447077092592,0.20164586230101
"k__Bacteria.p__Firmicutes.c__Clostridia.o__Clostridiales.f__Lachnospiraceae.g__Anaerostipes.s__Anaerostipes_hadrus.t__GCF_000332875",-10.4256464708215,7.93144031911612,-1.31447077092592,0.20164586230101
"k__Bacteria.p__Proteobacteria.c__Deltaproteobacteria.o__Desulfovibrionales.f__Desulfovibrionaceae.g__Desulfovibrio.s__Desulfovibrio_desulfuricans",-6.98577534226513,5.36489775963781,-1.30212646265541,0.205763081175482
"k__Bacteria.p__Proteobacteria.c__Deltaproteobacteria.o__Desulfovibrionales.f__Desulfovibrionaceae.g__Desulfovibrio.s__Desulfovibrio_desulfuricans.t__Desulfovibrio_desulfuricans_unclassified",-6.98577534226513,5.36489775963781,-1.30212646265541,0.205763081175482
"k__Bacteria.p__Bacteroidetes.c__Bacteroidia.o__Bacteroidales.f__Porphyromonadaceae.g__Coprobacter",1.84324554755428,1.41593211694275,1.30178948941011,0.205876379133765
"k__Bacteria.p__Bacteroidetes.c__Bacteroidia.o__Bacteroidales.f__Porphyromonadaceae.g__Coprobacter.s__Coprobacter_fastidiosus",1.84324554755428,1.41593211694275,1.30178948941011,0.205876379133765
"k__Bacteria.p__Bacteroidetes.c__Bacteroidia.o__Bacteroidales.f__Porphyromonadaceae.g__Coprobacter.s__Coprobacter_fastidiosus.t__GCF_000473955",1.84324554755428,1.41593211694275,1.30178948941011,0.205876379133765
"k__Bacteria.p__Firmicutes.c__Clostridia.o__Clostridiales.f__Eubacteriaceae.g__Eubacterium.s__Eubacterium_siraeum",-0.20849692845367,0.160247626412892,-1.30109214795144,0.206110994413333
"k__Bacteria.p__Firmicutes.c__Clostridia.o__Clostridiales.f__Eubacteriaceae.g__Eubacterium.s__Eubacterium_siraeum.t__Eubacterium_siraeum_unclassified",-0.20849692845367,0.160247626412892,-1.30109214795144,0.206110994413333
"k__Bacteria.p__Firmicutes.c__Erysipelotrichia.o__Erysipelotrichales.f__Erysipelotrichaceae.g__Erysipelotrichaceae_noname.s__Eubacterium_dolichum",-10.4841519148922,8.08321036465943,-1.29702821551322,0.207482394672203
"k__Bacteria.p__Firmicutes.c__Erysipelotrichia.o__Erysipelotrichales.f__Erysipelotrichaceae.g__Erysipelotrichaceae_noname.s__Eubacterium_dolichum.t__GCF_000154285",-10.4841519148922,8.08321036465943,-1.29702821551322,0.207482394672203
"k__Bacteria.p__Firmicutes.c__Clostridia.o__Clostridiales.f__Clostridiales_noname.g__Clostridiales_noname",-91.5872175141242,70.8336712012215,-1.29298984453237,0.208852149582358
"k__Bacteria.p__Firmicutes.c__Clostridia.o__Clostridiales.f__Clostridiales_noname.g__Clostridiales_noname.s__Clostridiales_bacterium_1_7_47FAA",-91.5872175141242,70.8336712012215,-1.29298984453237,0.208852149582358
"k__Bacteria.p__Firmicutes.c__Clostridia.o__Clostridiales.f__Clostridiales_noname.g__Clostridiales_noname.s__Clostridiales_bacterium_1_7_47FAA.t__GCF_000155435",-91.5872175141242,70.8336712012215,-1.29298984453237,0.208852149582358
"k__Bacteria.p__Actinobacteria.c__Actinobacteria.o__Coriobacteriales.f__Coriobacteriaceae.g__Collinsella.s__Collinsella_tanakaei",-12.3287345668009,9.53505908722729,-1.29298984453237,0.208852149582358
"k__Bacteria.p__Actinobacteria.c__Actinobacteria.o__Coriobacteriales.f__Coriobacteriaceae.g__Collinsella.s__Collinsella_tanakaei.t__GCF_000225705",-12.3287345668009,9.53505908722729,-1.29298984453237,0.208852149582358
"k__Bacteria.p__Bacteroidetes.c__Bacteroidia.o__Bacteroidales.f__Bacteroidaceae.g__Bacteroides.s__Bacteroides_plebeius",-9.0681840032864,7.01334510988837,-1.29298984453237,0.208852149582358
"k__Bacteria.p__Bacteroidetes.c__Bacteroidia.o__Bacteroidales.f__Bacteroidaceae.g__Bacteroides.s__Bacteroides_plebeius.t__GCF_000187895",-9.0681840032864,7.01334510988837,-1.29298984453237,0.208852149582358
"k__Bacteria.p__Firmicutes.c__Clostridia.o__Clostridiales.f__Peptostreptococcaceae.g__Peptostreptococcaceae_noname.s__Peptostreptococcaceae_noname_unclassified",-4.05493607857391,3.13609275101496,-1.29298984453237,0.208852149582358
"k__Bacteria.p__Firmicutes.c__Clostridia.o__Clostridiales.f__Lachnospiraceae.g__Blautia.s__Blautia_hydrogenotrophica",-29.7260901954043,22.9901961883972,-1.29298984453237,0.208852149582358
"k__Bacteria.p__Firmicutes.c__Clostridia.o__Clostridiales.f__Lachnospiraceae.g__Blautia.s__Blautia_hydrogenotrophica.t__GCF_000157975",-29.7260901954043,22.9901961883972,-1.29298984453237,0.208852149582358
"k__Bacteria.p__Firmicutes.c__Clostridia.o__Clostridiales.f__Ruminococcaceae.g__Ruminococcus.s__Ruminococcus_callidus",-298.132183908046,230.575812461907,-1.29298984453237,0.208852149582358
"k__Bacteria.p__Firmicutes.c__Clostridia.o__Clostridiales.f__Ruminococcaceae.g__Ruminococcus.s__Ruminococcus_callidus.t__GCF_000468015",-298.132183908046,230.575812461907,-1.29298984453237,0.208852149582358
"k__Bacteria.p__Actinobacteria.c__Actinobacteria.o__Coriobacteriales.f__Coriobacteriaceae.g__Collinsella.s__Collinsella_unclassified",-1.84000817160598,1.44299643657209,-1.27513008693009,0.214993773441289
"k__Bacteria.p__Firmicutes.c__Clostridia.o__Clostridiales.f__Lachnospiraceae.g__Lachnospiraceae_noname.s__Lachnospiraceae_bacterium_3_1_57FAA_CT1",15.7422424914157,12.3629795798657,1.27333725577396,0.215617882840707
"k__Bacteria.p__Firmicutes.c__Clostridia.o__Clostridiales.f__Lachnospiraceae.g__Lachnospiraceae_noname.s__Lachnospiraceae_bacterium_3_1_57FAA_CT1.t__GCF_000218405",15.7422424914157,12.3629795798657,1.27333725577396,0.215617882840707
"k__Bacteria.p__Bacteroidetes.c__Bacteroidia.o__Bacteroidales.f__Porphyromonadaceae",0.149334101523883,0.118957125928571,1.25536070544906,0.221952861809395
"k__Bacteria.p__Firmicutes.c__Clostridia.o__Clostridiales.f__Clostridiaceae.g__Clostridium.s__Clostridium_symbiosum",4.13254891027216,3.31350232724463,1.2471845504055,0.224880778532189
"k__Bacteria.p__Firmicutes.c__Clostridia.o__Clostridiales.f__Clostridiaceae.g__Clostridium.s__Clostridium_symbiosum.t__Clostridium_symbiosum_unclassified",4.13254891027216,3.31350232724463,1.2471845504055,0.224880778532189
"k__Bacteria.p__Firmicutes.c__Clostridia.o__Clostridiales.f__Lachnospiraceae.g__Anaerostipes.s__Anaerostipes_unclassified",-9.49648351479808,7.65181455775165,-1.24107601447002,0.227087405154128
"k__Bacteria.p__Firmicutes.c__Clostridia.o__Clostridiales.f__Lachnospiraceae.g__Dorea.s__Dorea_unclassified",-1.38970430384032,1.12853618849299,-1.23142201199244,0.230608287828491
"k__Bacteria.p__Firmicutes.c__Bacilli.o__Lactobacillales.f__Streptococcaceae.g__Streptococcus.s__Streptococcus_sobrinus",36.9804250283516,29.8002344459461,1.24094409711539,0.232514013007921
"k__Bacteria.p__Firmicutes.c__Bacilli.o__Lactobacillales.f__Streptococcaceae.g__Streptococcus.s__Streptococcus_sobrinus.t__Streptococcus_sobrinus_unclassified",36.9804250283516,29.8002344459461,1.24094409711539,0.232514013007921
"k__Bacteria.p__Firmicutes.c__Bacilli.o__Lactobacillales.f__Lactobacillaceae.g__Lactobacillus.s__Lactobacillus_fermentum",28.4744797475262,22.9458198912553,1.24094409711539,0.232514013007922
"k__Bacteria.p__Firmicutes.c__Bacilli.o__Lactobacillales.f__Lactobacillaceae.g__Lactobacillus.s__Lactobacillus_fermentum.t__Lactobacillus_fermentum_unclassified",28.4744797475262,22.9458198912553,1.24094409711539,0.232514013007922
"k__Bacteria.p__Proteobacteria.c__Gammaproteobacteria.o__Enterobacteriales.f__Enterobacteriaceae.g__Klebsiella.s__Klebsiella_unclassified",12.6440056545859,10.3596693346506,1.2205028216774,0.234640273620743
"k__Bacteria.p__Actinobacteria.c__Actinobacteria.o__Coriobacteriales.f__Coriobacteriaceae.g__Collinsella.s__Collinsella_stercoris",-2.78102230379888,2.16408629599287,-1.28507920823137,0.255071126739494
"k__Bacteria.p__Actinobacteria.c__Actinobacteria.o__Coriobacteriales.f__Coriobacteriaceae.g__Collinsella.s__Collinsella_stercoris.t__GCF_000156215",-2.78102230379888,2.16408629599287,-1.28507920823137,0.255071126739494
"k__Bacteria.p__Bacteroidetes.c__Bacteroidia.o__Bacteroidales.f__Porphyromonadaceae.g__Dysgonomonas",-35.5410603779897,27.6567079681447,-1.28507920823137,0.255071126739494
"k__Bacteria.p__Bacteroidetes.c__Bacteroidia.o__Bacteroidales.f__Porphyromonadaceae.g__Dysgonomonas.s__Dysgonomonas_mossii",-645.406226271831,502.23069686116,-1.28507920823137,0.255071126739494
"k__Bacteria.p__Bacteroidetes.c__Bacteroidia.o__Bacteroidales.f__Porphyromonadaceae.g__Dysgonomonas.s__Dysgonomonas_mossii.t__Dysgonomonas_mossii_unclassified",-645.406226271831,502.23069686116,-1.28507920823137,0.255071126739494
"k__Bacteria.p__Bacteroidetes.c__Bacteroidia.o__Bacteroidales.f__Porphyromonadaceae.g__Dysgonomonas.s__Dysgonomonas_unclassified",-37.6122837293686,29.2684555850324,-1.28507920823137,0.255071126739494
"k__Bacteria.p__Firmicutes.c__Clostridia.o__Clostridiales.f__Clostridiales_noname.g__Pseudoflavonifractor",-153.818313427434,119.695589534229,-1.28507920823137,0.255071126739494
"k__Bacteria.p__Firmicutes.c__Clostridia.o__Clostridiales.f__Clostridiales_noname.g__Pseudoflavonifractor.s__Pseudoflavonifractor_capillosus",-153.818313427434,119.695589534229,-1.28507920823137,0.255071126739494
"k__Bacteria.p__Firmicutes.c__Clostridia.o__Clostridiales.f__Clostridiales_noname.g__Pseudoflavonifractor.s__Pseudoflavonifractor_capillosus.t__GCF_000169255",-153.818313427434,119.695589534229,-1.28507920823137,0.255071126739494
"k__Bacteria.p__Bacteroidetes.c__Bacteroidia.o__Bacteroidales.f__Rikenellaceae.g__Alistipes.s__Alistipes_sp_HGB5",-0.171871230838632,0.133743686566352,-1.28507920823137,0.255071126739495
"k__Bacteria.p__Bacteroidetes.c__Bacteroidia.o__Bacteroidales.f__Rikenellaceae.g__Alistipes.s__Alistipes_sp_HGB5.t__GCF_000183485",-0.171871230838632,0.133743686566352,-1.28507920823137,0.255071126739495
"k__Bacteria.p__Firmicutes.c__Clostridia.o__Clostridiales.f__Lachnospiraceae.g__Lachnospiraceae_noname.s__Lachnospiraceae_bacterium_1_4_56FAA",-20.7054467504628,16.1121949665338,-1.28507920823137,0.255071126739495
"k__Bacteria.p__Firmicutes.c__Clostridia.o__Clostridiales.f__Lachnospiraceae.g__Lachnospiraceae_noname.s__Lachnospiraceae_bacterium_1_4_56FAA.t__GCF_000218385",-20.7054467504628,16.1121949665338,-1.28507920823137,0.255071126739495
"k__Bacteria.p__Firmicutes.c__Bacilli",0.32379788461794,0.278861119613161,1.16114388792212,0.257493056089029
"k__Bacteria.p__Firmicutes.c__Bacilli.o__Lactobacillales",0.32379788461794,0.278861119613161,1.16114388792212,0.257493056089029
"k__Bacteria.p__Bacteroidetes.c__Bacteroidia.o__Bacteroidales.f__Porphyromonadaceae.g__Parabacteroides.s__Parabacteroides_goldsteinii",1.8850354742642,1.63564260364889,1.15247393902492,0.260964492085401
"k__Bacteria.p__Bacteroidetes.c__Bacteroidia.o__Bacteroidales.f__Porphyromonadaceae.g__Parabacteroides.s__Parabacteroides_goldsteinii.t__Parabacteroides_goldsteinii_unclassified",1.8850354742642,1.63564260364889,1.15247393902492,0.260964492085401
"k__Bacteria.p__Firmicutes.c__Clostridia.o__Clostridiales.f__Clostridiales_noname",-3.17655374954831,2.77960136155375,-1.14280910690469,0.264874815424573
"k__Bacteria.p__Bacteroidetes.c__Bacteroidia.o__Bacteroidales.f__Rikenellaceae.g__Alistipes.s__Alistipes_onderdonkii",-0.110868755570639,0.0985223643204506,-1.12531562082727,0.272061699048935
"k__Bacteria.p__Bacteroidetes.c__Bacteroidia.o__Bacteroidales.f__Rikenellaceae.g__Alistipes.s__Alistipes_onderdonkii.t__GCF_000374505",-0.110868755570639,0.0985223643204506,-1.12531562082727,0.272061699048935
"k__Bacteria.p__Bacteroidetes.c__Bacteroidia.o__Bacteroidales.f__Rikenellaceae.g__Alistipes.s__Alistipes_unclassified",-0.636291417527711,0.567399122677683,-1.12141769716687,0.273682312356128
"k__Bacteria.p__Proteobacteria.c__Gammaproteobacteria.o__Enterobacteriales.f__Enterobacteriaceae.g__Klebsiella.s__Klebsiella_oxytoca",3.42729887461267,3.05919538590544,1.12032689719761,0.274137084329634
"k__Bacteria.p__Proteobacteria.c__Gammaproteobacteria.o__Enterobacteriales.f__Enterobacteriaceae.g__Klebsiella.s__Klebsiella_oxytoca.t__Klebsiella_oxytoca_unclassified",3.42729887461267,3.05919538590544,1.12032689719761,0.274137084329634
"k__Bacteria.p__Firmicutes.c__Clostridia.o__Clostridiales.f__Lachnospiraceae.g__Roseburia.s__Roseburia_unclassified",-1.02354379067151,0.915446185609378,-1.11808187828122,0.275074800502199
"k__Bacteria.p__Firmicutes.c__Clostridia.o__Clostridiales.f__Clostridiales_noname.g__Flavonifractor",-3.20896057251368,2.89389237336658,-1.10887350270756,0.278945443551098
"k__Bacteria.p__Firmicutes.c__Clostridia.o__Clostridiales.f__Clostridiales_noname.g__Flavonifractor.s__Flavonifractor_plautii",-3.20896057251368,2.89389237336658,-1.10887350270756,0.278945443551098
"k__Bacteria.p__Firmicutes.c__Clostridia.o__Clostridiales.f__Clostridiales_noname.g__Flavonifractor.s__Flavonifractor_plautii.t__GCF_000239295",-3.20896057251368,2.89389237336658,-1.10887350270756,0.278945443551098
"k__Bacteria.p__Firmicutes.c__Clostridia.o__Clostridiales.f__Eubacteriaceae",-0.0877874705752764,0.0809709046267835,-1.08418537473321,0.289517272223204
"k__Bacteria.p__Firmicutes.c__Clostridia.o__Clostridiales.f__Eubacteriaceae.g__Eubacterium",-0.0877874705752764,0.0809709046267835,-1.08418537473321,0.289517272223204
"k__Bacteria.p__Bacteroidetes.c__Bacteroidia.o__Bacteroidales.f__Porphyromonadaceae.g__Odoribacter.s__Odoribacter_laneus",0.285436849108036,0.265666963471869,1.07441604849095,0.293779161442047
"k__Bacteria.p__Bacteroidetes.c__Bacteroidia.o__Bacteroidales.f__Porphyromonadaceae.g__Odoribacter.s__Odoribacter_laneus.t__GCF_000243215",0.285436849108036,0.265666963471869,1.07441604849095,0.293779161442047
"k__Bacteria.p__Bacteroidetes.c__Bacteroidia.o__Bacteroidales.f__Porphyromonadaceae.g__Odoribacter",0.271551646170115,0.258946596748403,1.04867818144743,0.305221522101431
"k__Bacteria.p__Actinobacteria.c__Actinobacteria.o__Bifidobacteriales",0.164245674684554,0.157389905669097,1.04355914050721,0.307534428269874
"k__Bacteria.p__Actinobacteria.c__Actinobacteria.o__Bifidobacteriales.f__Bifidobacteriaceae",0.164245674684554,0.157389905669097,1.04355914050721,0.307534428269874
"k__Bacteria.p__Actinobacteria.c__Actinobacteria.o__Bifidobacteriales.f__Bifidobacteriaceae.g__Bifidobacterium",0.164245674684554,0.157389905669097,1.04355914050721,0.307534428269874
"k__Bacteria.p__Firmicutes.c__Clostridia.o__Clostridiales.f__Lachnospiraceae.g__Lachnospiraceae_noname.s__Lachnospiraceae_bacterium_8_1_57FAA",-0.900075701885173,0.863921195695154,-1.04184931029609,0.308309720106961
"k__Bacteria.p__Firmicutes.c__Clostridia.o__Clostridiales.f__Lachnospiraceae.g__Lachnospiraceae_noname.s__Lachnospiraceae_bacterium_8_1_57FAA.t__GCF_000185545",-0.900075701885173,0.863921195695154,-1.04184931029609,0.308309720106961
"k__Bacteria.p__Firmicutes.c__Clostridia.o__Clostridiales.f__Ruminococcaceae.g__Anaerotruncus",8.1790304308762,7.9348802687605,1.03076923076923,0.313367184125765
"k__Bacteria.p__Firmicutes.c__Clostridia.o__Clostridiales.f__Ruminococcaceae.g__Anaerotruncus.s__Anaerotruncus_unclassified",8.1790304308762,7.9348802687605,1.03076923076923,0.313367184125765
"k__Bacteria.p__Actinobacteria.c__Actinobacteria.o__Bifidobacteriales.f__Bifidobacteriaceae.g__Bifidobacterium.s__Bifidobacterium_adolescentis",0.21859494607746,0.213596941982657,1.02339923057142,0.316763276665028
"k__Bacteria.p__Actinobacteria.c__Actinobacteria.o__Bifidobacteriales.f__Bifidobacteriaceae.g__Bifidobacterium.s__Bifidobacterium_adolescentis.t__Bifidobacterium_adolescentis_unclassified",0.21859494607746,0.213596941982657,1.02339923057142,0.316763276665028
"k__Bacteria.p__Bacteroidetes.c__Bacteroidia.o__Bacteroidales.f__Prevotellaceae.g__Paraprevotella.s__Paraprevotella_unclassified",1.64670316421477,1.6223020371537,1.01504105061957,0.320645775610466
"k__Bacteria.p__Firmicutes.c__Erysipelotrichia.o__Erysipelotrichales.f__Erysipelotrichaceae.g__Erysipelotrichaceae_noname.s__Clostridium_ramosum",2.77234838436088,2.73872255358064,1.01227792524521,0.32193655301833
"k__Bacteria.p__Firmicutes.c__Erysipelotrichia.o__Erysipelotrichales.f__Erysipelotrichaceae.g__Erysipelotrichaceae_noname.s__Clostridium_ramosum.t__GCF_000154485",2.77234838436088,2.73872255358064,1.01227792524521,0.32193655301833
"k__Bacteria.p__Bacteroidetes.c__Bacteroidia.o__Bacteroidales.f__Bacteroidaceae.g__Bacteroides.s__Bacteroides_uniformis",0.054993809572494,0.0549008433923965,1.0016933470299,0.326914500481111
"k__Bacteria.p__Firmicutes.c__Clostridia.o__Clostridiales.f__Lachnospiraceae.g__Blautia.s__Ruminococcus_gnavus",0.305738130711933,0.317404879836092,0.963243321494666,0.345444295460499
"k__Bacteria.p__Firmicutes.c__Clostridia.o__Clostridiales.f__Lachnospiraceae.g__Blautia.s__Ruminococcus_gnavus.t__Ruminococcus_gnavus_unclassified",0.305738130711933,0.317404879836092,0.963243321494666,0.345444295460499
"k__Bacteria.p__Firmicutes.c__Clostridia.o__Clostridiales.f__Lachnospiraceae.g__Lachnospiraceae_noname.s__Lachnospiraceae_bacterium_3_1_46FAA",-3.14231910363046,3.29824596598412,-0.952724307416188,0.350635759597985
"k__Bacteria.p__Firmicutes.c__Clostridia.o__Clostridiales.f__Lachnospiraceae.g__Lachnospiraceae_noname.s__Lachnospiraceae_bacterium_3_1_46FAA.t__GCF_000209405",-3.14231910363046,3.29824596598412,-0.952724307416188,0.350635759597985
"k__Bacteria.p__Firmicutes.c__Clostridia.o__Clostridiales.f__Lachnospiraceae",-0.073220704073851,0.0819534218045765,-0.893442915031062,0.380873755225402
"k__Bacteria.p__Bacteroidetes.c__Bacteroidia.o__Bacteroidales.f__Bacteroidaceae.g__Bacteroides.s__Bacteroides_massiliensis",-0.150630413679248,0.179553351728888,-0.838917303569407,0.410150557684713
"k__Bacteria.p__Bacteroidetes.c__Bacteroidia.o__Bacteroidales.f__Bacteroidaceae.g__Bacteroides.s__Bacteroides_massiliensis.t__Bacteroides_massiliensis_unclassified",-0.150630413679248,0.179553351728888,-0.838917303569407,0.410150557684713
"k__Bacteria.p__Bacteroidetes.c__Bacteroidia.o__Bacteroidales.f__Prevotellaceae.g__Paraprevotella",1.08306889444817,1.30485956274659,0.830027173321568,0.415056095582193
"k__Bacteria.p__Firmicutes.c__Clostridia.o__Clostridiales.f__Ruminococcaceae.g__Faecalibacterium",0.152843499361301,0.184349486798899,0.829096419064258,0.415571812370041
"k__Bacteria.p__Firmicutes.c__Clostridia.o__Clostridiales.f__Ruminococcaceae.g__Faecalibacterium.s__Faecalibacterium_prausnitzii",0.152843499361301,0.184349486798899,0.829096419064258,0.415571812370041
"k__Bacteria.p__Firmicutes.c__Clostridia.o__Clostridiales.f__Ruminococcaceae.g__Faecalibacterium.s__Faecalibacterium_prausnitzii.t__Faecalibacterium_prausnitzii_unclassified",0.152843499361301,0.184349486798899,0.829096419064258,0.415571812370041
"k__Bacteria.p__Firmicutes.c__Clostridia.o__Clostridiales.f__Lachnospiraceae.g__Anaerostipes",-4.13517899738313,5.0100378220812,-0.825378798371098,0.417635711666415
"k__Bacteria.p__Firmicutes.c__Clostridia.o__Clostridiales.f__Eubacteriaceae.g__Eubacterium.s__Eubacterium_hallii",-0.15180102748973,0.184349229843692,-0.823442699589473,0.41871311534405
"k__Bacteria.p__Firmicutes.c__Clostridia.o__Clostridiales.f__Eubacteriaceae.g__Eubacterium.s__Eubacterium_hallii.t__GCF_000173975",-0.15180102748973,0.184349229843692,-0.823442699589473,0.41871311534405
"k__Bacteria.p__Firmicutes.c__Clostridia.o__Clostridiales.f__Lachnospiraceae.g__Dorea.s__Dorea_formicigenerans",-6.74533852591745,8.35237362601411,-0.807595400774287,0.427597250954871
"k__Bacteria.p__Firmicutes.c__Clostridia.o__Clostridiales.f__Lachnospiraceae.g__Dorea.s__Dorea_formicigenerans.t__Dorea_formicigenerans_unclassified",-6.74533852591745,8.35237362601411,-0.807595400774287,0.427597250954871
"k__Bacteria.p__Firmicutes.c__Erysipelotrichia.o__Erysipelotrichales.f__Erysipelotrichaceae.g__Coprobacillus",0.586618757683679,0.73238984831085,0.80096516771311,0.43134871070971
"k__Bacteria.p__Firmicutes.c__Erysipelotrichia.o__Erysipelotrichales.f__Erysipelotrichaceae.g__Coprobacillus.s__Coprobacillus_unclassified",0.586618757683679,0.73238984831085,0.80096516771311,0.43134871070971
"k__Bacteria.p__Firmicutes.c__Clostridia.o__Clostridiales.f__Clostridiaceae.g__Clostridium.s__Clostridium_leptum",-1.13373007249,1.49614090670861,-0.757769584005372,0.456283292178224
"k__Bacteria.p__Firmicutes.c__Clostridia.o__Clostridiales.f__Clostridiaceae.g__Clostridium.s__Clostridium_leptum.t__GCF_000154345",-1.13373007249,1.49614090670861,-0.757769584005372,0.456283292178224
"k__Bacteria.p__Actinobacteria.c__Actinobacteria.o__Coriobacteriales.f__Coriobacteriaceae.g__Collinsella.s__Collinsella_aerofaciens",-0.575728991502053,0.763595212161809,-0.753971452848835,0.458516419699899
"k__Bacteria.p__Actinobacteria.c__Actinobacteria.o__Coriobacteriales.f__Coriobacteriaceae.g__Collinsella.s__Collinsella_aerofaciens.t__GCF_000169035",-0.575728991502053,0.763595212161809,-0.753971452848835,0.458516419699899
"k__Bacteria.p__Bacteroidetes.c__Bacteroidia.o__Bacteroidales.f__Porphyromonadaceae.g__Barnesiella",0.685261675901767,0.922877333370038,0.742527366447956,0.465284397505845
"k__Bacteria.p__Bacteroidetes.c__Bacteroidia.o__Bacteroidales.f__Porphyromonadaceae.g__Barnesiella.s__Barnesiella_intestinihominis",0.685261675901767,0.922877333370038,0.742527366447956,0.465284397505845
"k__Bacteria.p__Bacteroidetes.c__Bacteroidia.o__Bacteroidales.f__Porphyromonadaceae.g__Barnesiella.s__Barnesiella_intestinihominis.t__GCF_000296465",0.685261675901767,0.922877333370038,0.742527366447956,0.465284397505845
"k__Bacteria.p__Firmicutes.c__Erysipelotrichia",0.421618017809001,0.570877841441231,0.738543322586475,0.467654372525357
"k__Bacteria.p__Firmicutes.c__Erysipelotrichia.o__Erysipelotrichales",0.421618017809001,0.570877841441231,0.738543322586475,0.467654372525357
"k__Bacteria.p__Firmicutes.c__Erysipelotrichia.o__Erysipelotrichales.f__Erysipelotrichaceae",0.421618017809001,0.570877841441231,0.738543322586475,0.467654372525357
"k__Archaea.p__Euryarchaeota.c__Methanobacteria.o__Methanobacteriales.f__Methanobacteriaceae.g__Methanobrevibacter.s__Methanobrevibacter_unclassified",-2.10579789946388,2.90670864081902,-0.724461292711652,0.476088247209596
"k__Bacteria.p__Actinobacteria.c__Actinobacteria.o__Bifidobacteriales.f__Bifidobacteriaceae.g__Bifidobacterium.s__Bifidobacterium_bifidum",0.290906865515605,0.410526367807573,0.708619198004748,0.485681674122024
"k__Bacteria.p__Actinobacteria.c__Actinobacteria.o__Bifidobacteriales.f__Bifidobacteriaceae.g__Bifidobacterium.s__Bifidobacterium_bifidum.t__Bifidobacterium_bifidum_unclassified",0.290906865515605,0.410526367807573,0.708619198004748,0.485681674122024
"k__Bacteria.p__Proteobacteria.c__Deltaproteobacteria.o__Desulfovibrionales.f__Desulfovibrionaceae.g__Desulfovibrio.s__Desulfovibrio_piger",-4.28175599803001,6.33619027242707,-0.675761903278497,0.505930223086224
"k__Bacteria.p__Proteobacteria.c__Deltaproteobacteria.o__Desulfovibrionales.f__Desulfovibrionaceae.g__Desulfovibrio.s__Desulfovibrio_piger.t__GCF_000156375",-4.28175599803001,6.33619027242707,-0.675761903278497,0.505930223086224
"k__Bacteria.p__Firmicutes.c__Clostridia.o__Clostridiales.f__Clostridiaceae.g__Clostridium.s__Clostridium_hathewayi",2.02725493475317,3.13966774718122,0.64569091317807,0.524869692528753
"k__Bacteria.p__Firmicutes.c__Clostridia.o__Clostridiales.f__Clostridiaceae.g__Clostridium.s__Clostridium_hathewayi.t__Clostridium_hathewayi_unclassified",2.02725493475317,3.13966774718122,0.64569091317807,0.524869692528753
"k__Archaea.p__Euryarchaeota.c__Methanobacteria.o__Methanobacteriales.f__Methanobacteriaceae.g__Methanosphaera",100.516944284894,157.728006101688,0.637280257128782,0.530235467139159
"k__Archaea.p__Euryarchaeota.c__Methanobacteria.o__Methanobacteriales.f__Methanobacteriaceae.g__Methanosphaera.s__Methanosphaera_stadtmanae",100.516944284894,157.728006101688,0.637280257128782,0.530235467139159
"k__Archaea.p__Euryarchaeota.c__Methanobacteria.o__Methanobacteriales.f__Methanobacteriaceae.g__Methanosphaera.s__Methanosphaera_stadtmanae.t__GCF_000012545",100.516944284894,157.728006101688,0.637280257128782,0.530235467139159
"k__Bacteria.p__Actinobacteria.c__Actinobacteria.o__Coriobacteriales.f__Coriobacteriaceae.g__Eggerthella.s__Eggerthella_lenta",31.6512931814071,49.6662070217107,0.637280257128782,0.530235467139159
"k__Bacteria.p__Actinobacteria.c__Actinobacteria.o__Coriobacteriales.f__Coriobacteriaceae.g__Eggerthella.s__Eggerthella_lenta.t__GCF_000024265",31.6512931814071,49.6662070217107,0.637280257128782,0.530235467139159
"k__Bacteria.p__Firmicutes.c__Erysipelotrichia.o__Erysipelotrichales.f__Erysipelotrichaceae.g__Erysipelotrichaceae_noname.s__Erysipelotrichaceae_bacterium_5_2_54FAA",118.08367071525,185.293156965613,0.637280257128781,0.530235467139159
"k__Bacteria.p__Firmicutes.c__Erysipelotrichia.o__Erysipelotrichales.f__Erysipelotrichaceae.g__Erysipelotrichaceae_noname.s__Erysipelotrichaceae_bacterium_5_2_54FAA.t__GCF_000163515",118.08367071525,185.293156965613,0.637280257128781,0.530235467139159
"k__Bacteria.p__Bacteroidetes.c__Bacteroidia.o__Bacteroidales.f__Porphyromonadaceae.g__Parabacteroides",0.086813594553701,0.139209292519572,0.623619249709898,0.539013752239595
"k__Archaea.p__Euryarchaeota.c__Methanobacteria.o__Methanobacteriales.f__Methanobacteriaceae.g__Methanobrevibacter.s__Methanobrevibacter_smithii",0.213529565724103,0.346622130041295,0.616029812345403,0.543923935073498
"k__Archaea.p__Euryarchaeota.c__Methanobacteria.o__Methanobacteriales.f__Methanobacteriaceae.g__Methanobrevibacter.s__Methanobrevibacter_smithii.t__Methanobrevibacter_smithii_unclassified",0.213529565724103,0.346622130041295,0.616029812345403,0.543923935073498
"k__Bacteria.p__Actinobacteria",0.0866649658175588,0.143106051113299,0.605599589558549,0.550710543408673
"k__Bacteria.p__Actinobacteria.c__Actinobacteria",0.0866649658175588,0.143106051113299,0.605599589558549,0.550710543408673
"k__Bacteria.p__Bacteroidetes.c__Bacteroidia.o__Bacteroidales.f__Bacteroidaceae.g__Bacteroides.s__Bacteroides_faecis",0.45123738827721,0.74525010205121,0.605484503840032,0.550785673172741
"k__Bacteria.p__Bacteroidetes.c__Bacteroidia.o__Bacteroidales.f__Bacteroidaceae.g__Bacteroides.s__Bacteroides_faecis.t__GCF_000226135",0.45123738827721,0.74525010205121,0.605484503840032,0.550785673172741
"k__Bacteria.p__Firmicutes.c__Clostridia.o__Clostridiales.f__Clostridiaceae",0.148305788038004,0.24662423077355,0.601343134747283,0.55349279761344
"k__Bacteria.p__Firmicutes.c__Clostridia.o__Clostridiales.f__Clostridiaceae.g__Clostridium",0.148305788038004,0.24662423077355,0.601343134747283,0.55349279761344
"k__Bacteria.p__Bacteroidetes.c__Bacteroidia.o__Bacteroidales.f__Bacteroidaceae.g__Bacteroides.s__Bacteroides_thetaiotaomicron",0.106830452662301,0.178607473687407,0.598129800823857,0.555598064718657
"k__Bacteria.p__Bacteroidetes.c__Bacteroidia.o__Bacteroidales.f__Bacteroidaceae.g__Bacteroides.s__Bacteroides_thetaiotaomicron.t__Bacteroides_thetaiotaomicron_unclassified",0.106830452662301,0.178607473687407,0.598129800823857,0.555598064718657
"k__Bacteria.p__Firmicutes.c__Clostridia.o__Clostridiales.f__Clostridiaceae.g__Clostridium.s__Clostridium_bolteae",0.158791742267533,0.270452073401353,0.587134497696692,0.562833214222285
"k__Bacteria.p__Firmicutes.c__Clostridia.o__Clostridiales.f__Clostridiaceae.g__Clostridium.s__Clostridium_bolteae.t__Clostridium_bolteae_unclassified",0.158791742267533,0.270452073401353,0.587134497696692,0.562833214222285
"k__Bacteria.p__Proteobacteria.c__Betaproteobacteria.o__Burkholderiales.f__Burkholderiales_noname",-2.29785867017452,4.00888038132654,-0.573192126379725,0.572076805495745
"k__Bacteria.p__Proteobacteria.c__Betaproteobacteria.o__Burkholderiales.f__Burkholderiales_noname.g__Burkholderiales_noname",-2.29785867017452,4.00888038132654,-0.573192126379725,0.572076805495745
"k__Bacteria.p__Proteobacteria.c__Betaproteobacteria.o__Burkholderiales.f__Burkholderiales_noname.g__Burkholderiales_noname.s__Burkholderiales_bacterium_1_1_47",-2.29785867017452,4.00888038132654,-0.573192126379725,0.572076805495745
"k__Bacteria.p__Proteobacteria.c__Betaproteobacteria.o__Burkholderiales.f__Burkholderiales_noname.g__Burkholderiales_noname.s__Burkholderiales_bacterium_1_1_47.t__GCF_000144975",-2.29785867017452,4.00888038132654,-0.573192126379725,0.572076805495745
"k__Bacteria.p__Actinobacteria.c__Actinobacteria.o__Coriobacteriales.f__Coriobacteriaceae.g__Eggerthella",1.49709873381407,2.64708729877571,0.565564548818048,0.577166148263278
"k__Bacteria.p__Actinobacteria.c__Actinobacteria.o__Coriobacteriales.f__Coriobacteriaceae.g__Eggerthella.s__Eggerthella_unclassified",1.53393305168326,2.7641073868524,0.554946981792196,0.584288156844146
"k__Bacteria.p__Firmicutes.c__Clostridia.o__Clostridiales.f__Eubacteriaceae.g__Eubacterium.s__Eubacterium_eligens",0.511211271026369,0.941457178989759,0.54300002425488,0.592353681827751
"k__Bacteria.p__Firmicutes.c__Clostridia.o__Clostridiales.f__Eubacteriaceae.g__Eubacterium.s__Eubacterium_eligens.t__GCF_000146185",0.511211271026369,0.941457178989759,0.54300002425488,0.592353681827751
"k__Bacteria.p__Bacteroidetes.c__Bacteroidia.o__Bacteroidales.f__Porphyromonadaceae.g__Parabacteroides.s__Parabacteroides_distasonis",0.0989596877507409,0.190487375726561,0.519507853857962,0.608370491238131
"k__Bacteria.p__Bacteroidetes.c__Bacteroidia.o__Bacteroidales.f__Porphyromonadaceae.g__Parabacteroides.s__Parabacteroides_distasonis.t__Parabacteroides_distasonis_unclassified",0.0989596877507409,0.190487375726561,0.519507853857962,0.608370491238131
"k__Bacteria.p__Bacteroidetes.c__Bacteroidia.o__Bacteroidales.f__Bacteroidaceae.g__Bacteroides.s__Bacteroides_salyersiae",0.142704882449515,0.279770815459192,0.51007780141503,0.614857263212322
"k__Bacteria.p__Bacteroidetes.c__Bacteroidia.o__Bacteroidales.f__Bacteroidaceae.g__Bacteroides.s__Bacteroides_salyersiae.t__Bacteroides_salyersiae_unclassified",0.142704882449515,0.279770815459192,0.51007780141503,0.614857263212322
"k__Bacteria.p__Firmicutes.c__Erysipelotrichia.o__Erysipelotrichales.f__Erysipelotrichaceae.g__Erysipelotrichaceae_noname",1.27050776184507,2.49547644763986,0.509124324954731,0.61551494702844
"k__Bacteria.p__Actinobacteria.c__Actinobacteria.o__Bifidobacteriales.f__Bifidobacteriaceae.g__Bifidobacterium.s__Bifidobacterium_pseudocatenulatum",-1.62662218594362,3.25952153138861,-0.499037104151495,0.622492952628437
"k__Bacteria.p__Actinobacteria.c__Actinobacteria.o__Bifidobacteriales.f__Bifidobacteriaceae.g__Bifidobacterium.s__Bifidobacterium_pseudocatenulatum.t__GCF_000173435",-1.62662218594362,3.25952153138861,-0.499037104151495,0.622492952628437
"k__Bacteria.p__Bacteroidetes.c__Bacteroidia.o__Bacteroidales.f__Bacteroidaceae.g__Bacteroides.s__Bacteroides_intestinalis",-0.345664482806505,0.693384009909899,-0.498518105214774,0.622852966834102
"k__Bacteria.p__Bacteroidetes.c__Bacteroidia.o__Bacteroidales.f__Bacteroidaceae.g__Bacteroides.s__Bacteroides_intestinalis.t__GCF_000172175",-0.345664482806505,0.693384009909899,-0.498518105214774,0.622852966834102
"k__Bacteria.p__Bacteroidetes.c__Bacteroidia.o__Bacteroidales.f__Bacteroidaceae.g__Bacteroides.s__Bacteroides_nordii",-14.5989820657101,29.4235378720638,-0.496166780799365,0.624485214758082
"k__Bacteria.p__Bacteroidetes.c__Bacteroidia.o__Bacteroidales.f__Bacteroidaceae.g__Bacteroides.s__Bacteroides_nordii.t__GCF_000273175",-14.5989820657101,29.4235378720638,-0.496166780799365,0.624485214758082
"k__Bacteria.p__Proteobacteria.c__Deltaproteobacteria",-1.16338118497848,2.34881087973251,-0.495306452731935,0.62508293124981
"k__Bacteria.p__Proteobacteria.c__Deltaproteobacteria.o__Desulfovibrionales",-1.16338118497848,2.34881087973251,-0.495306452731935,0.62508293124981
"k__Bacteria.p__Proteobacteria.c__Deltaproteobacteria.o__Desulfovibrionales.f__Desulfovibrionaceae",-1.16338118497848,2.34881087973251,-0.495306452731935,0.62508293124981
"k__Archaea",0.159101384832695,0.323042251614506,0.492509521703541,0.627027926495223
"k__Archaea.p__Euryarchaeota",0.159101384832695,0.323042251614506,0.492509521703541,0.627027926495223
"k__Archaea.p__Euryarchaeota.c__Methanobacteria",0.159101384832695,0.323042251614506,0.492509521703541,0.627027926495223
"k__Archaea.p__Euryarchaeota.c__Methanobacteria.o__Methanobacteriales",0.159101384832695,0.323042251614506,0.492509521703541,0.627027926495223
"k__Archaea.p__Euryarchaeota.c__Methanobacteria.o__Methanobacteriales.f__Methanobacteriaceae",0.159101384832695,0.323042251614506,0.492509521703541,0.627027926495223
"k__Archaea.p__Euryarchaeota.c__Methanobacteria.o__Methanobacteriales.f__Methanobacteriaceae.g__Methanobrevibacter",0.15863803175689,0.323005970601208,0.491130338741473,0.62798803486054
"k__Bacteria.p__Bacteroidetes.c__Bacteroidia.o__Bacteroidales.f__Rikenellaceae.g__Alistipes.s__Alistipes_shahii",0.165907225943253,0.344929240301362,0.480989161134329,0.635068284325363
"k__Bacteria.p__Bacteroidetes.c__Bacteroidia.o__Bacteroidales.f__Rikenellaceae.g__Alistipes.s__Alistipes_shahii.t__GCF_000210575",0.165907225943253,0.344929240301362,0.480989161134329,0.635068284325363
"k__Bacteria.p__Bacteroidetes.c__Bacteroidia.o__Bacteroidales.f__Porphyromonadaceae.g__Parabacteroides.s__Parabacteroides_unclassified",0.258727851931389,0.538478545713611,0.480479406265877,0.635425127874231
"k__Bacteria.p__Firmicutes.c__Bacilli.o__Lactobacillales.f__Lactobacillaceae",0.153114922306006,0.321355225684356,0.476466259354996,0.638237598234948
"k__Bacteria.p__Firmicutes.c__Bacilli.o__Lactobacillales.f__Lactobacillaceae.g__Lactobacillus",0.153114922306006,0.321355225684356,0.476466259354996,0.638237598234948
"k__Bacteria.p__Bacteroidetes.c__Bacteroidia.o__Bacteroidales.f__Rikenellaceae.g__Alistipes.s__Alistipes_indistinctus",1.05200194765246,2.25810477183374,0.465878271360348,0.645684414867279
"k__Bacteria.p__Bacteroidetes.c__Bacteroidia.o__Bacteroidales.f__Rikenellaceae.g__Alistipes.s__Alistipes_indistinctus.t__GCF_000231275",1.05200194765246,2.25810477183374,0.465878271360348,0.645684414867279
"k__Bacteria.p__Bacteroidetes.c__Bacteroidia.o__Bacteroidales.f__Bacteroidaceae.g__Bacteroides.s__Bacteroides_eggerthii",-0.0339007546813537,0.078469854290708,-0.432022653639209,0.669748184614278
"k__Bacteria.p__Bacteroidetes.c__Bacteroidia.o__Bacteroidales.f__Bacteroidaceae.g__Bacteroides.s__Bacteroides_eggerthii.t__Bacteroides_eggerthii_unclassified",-0.0339007546813537,0.078469854290708,-0.432022653639209,0.669748184614278
"k__Bacteria.p__Firmicutes.c__Clostridia.o__Clostridiales.f__Oscillospiraceae",-0.215013024772972,0.522064091719703,-0.411851778705387,0.684261116104133
"k__Bacteria.p__Firmicutes.c__Clostridia.o__Clostridiales.f__Oscillospiraceae.g__Oscillibacter",-0.215013024772972,0.522064091719703,-0.411851778705387,0.684261116104133
"k__Bacteria.p__Firmicutes.c__Clostridia.o__Clostridiales.f__Oscillospiraceae.g__Oscillibacter.s__Oscillibacter_unclassified",-0.215013024772972,0.522064091719703,-0.411851778705387,0.684261116104133
"k__Bacteria.p__Firmicutes.c__Clostridia.o__Clostridiales.f__Lachnospiraceae.g__Blautia",0.0725288078512606,0.176829074077589,0.41016336385631,0.685481686972706
"k__Bacteria.p__Bacteroidetes.c__Bacteroidia.o__Bacteroidales.f__Bacteroidaceae.g__Bacteroides.s__Bacteroides_stercoris",-0.0202691707084922,0.0506681078237555,-0.400038043240073,0.692819650475953
"k__Bacteria.p__Bacteroidetes.c__Bacteroidia.o__Bacteroidales.f__Bacteroidaceae.g__Bacteroides.s__Bacteroides_stercoris.t__Bacteroides_stercoris_unclassified",-0.0202691707084922,0.0506681078237555,-0.400038043240073,0.692819650475953
"k__Bacteria.p__Bacteroidetes.c__Bacteroidia.o__Bacteroidales.f__Bacteroidaceae.g__Bacteroides.s__Bacteroides_dorei",-0.0669172556988626,0.173448555405832,-0.385804629749097,0.703186849057254
"k__Bacteria.p__Bacteroidetes.c__Bacteroidia.o__Bacteroidales.f__Bacteroidaceae.g__Bacteroides.s__Bacteroides_dorei.t__Bacteroides_dorei_unclassified",-0.0669172556988626,0.173448555405832,-0.385804629749097,0.703186849057254
"k__Bacteria.p__Firmicutes.c__Clostridia.o__Clostridiales.f__Lachnospiraceae.g__Roseburia.s__Roseburia_intestinalis",0.0512175251472054,0.137084207849495,0.373620900253057,0.712108206043738
"k__Bacteria.p__Firmicutes.c__Clostridia.o__Clostridiales.f__Lachnospiraceae.g__Roseburia.s__Roseburia_intestinalis.t__Roseburia_intestinalis_unclassified",0.0512175251472054,0.137084207849495,0.373620900253057,0.712108206043738
"k__Bacteria.p__Proteobacteria.c__Betaproteobacteria",-0.675844670444876,1.85738144627654,-0.363869614289368,0.719278915496369
"k__Bacteria.p__Proteobacteria.c__Betaproteobacteria.o__Burkholderiales",-0.675844670444876,1.85738144627654,-0.363869614289368,0.719278915496369
"k__Bacteria.p__Firmicutes.c__Negativicutes.o__Selenomonadales.f__Veillonellaceae",-0.178910732302827,0.527420347141843,-0.33921848725095,0.737522927183257
"k__Bacteria.p__Firmicutes.c__Negativicutes.o__Selenomonadales.f__Veillonellaceae.g__Dialister",-0.179183280461136,0.555420131145758,-0.322608545159328,0.749906076831685
"k__Bacteria.p__Firmicutes.c__Negativicutes.o__Selenomonadales.f__Veillonellaceae.g__Dialister.s__Dialister_invisus",-0.179183280461136,0.555420131145758,-0.322608545159328,0.749906076831685
"k__Bacteria.p__Firmicutes.c__Negativicutes.o__Selenomonadales.f__Veillonellaceae.g__Dialister.s__Dialister_invisus.t__GCF_000160055",-0.179183280461136,0.555420131145758,-0.322608545159328,0.749906076831685
"k__Bacteria.p__Bacteroidetes.c__Bacteroidia.o__Bacteroidales.f__Bacteroidaceae",0.00729096246928029,0.0226843227226547,0.321409748857031,0.750802522962124
"k__Bacteria.p__Bacteroidetes.c__Bacteroidia.o__Bacteroidales.f__Bacteroidaceae.g__Bacteroides",0.00729096246928029,0.0226843227226547,0.321409748857031,0.750802522962124
"k__Bacteria.p__Firmicutes.c__Clostridia.o__Clostridiales.f__Ruminococcaceae.g__Ruminococcaceae_noname",1.24628103678116,3.87845637294786,0.321334293064103,0.750858959956809
"k__Bacteria.p__Firmicutes.c__Clostridia.o__Clostridiales.f__Ruminococcaceae.g__Ruminococcaceae_noname.s__Ruminococcaceae_bacterium_D16",1.24628103678116,3.87845637294786,0.321334293064103,0.750858959956809
"k__Bacteria.p__Firmicutes.c__Clostridia.o__Clostridiales.f__Ruminococcaceae.g__Ruminococcaceae_noname.s__Ruminococcaceae_bacterium_D16.t__GCF_000177015",1.24628103678116,3.87845637294786,0.321334293064103,0.750858959956809
"k__Bacteria.p__Proteobacteria.c__Deltaproteobacteria.o__Desulfovibrionales.f__Desulfovibrionaceae.g__Bilophila",0.799432520113045,2.55467732737328,0.31292896036112,0.757154540807671
"k__Bacteria.p__Proteobacteria.c__Deltaproteobacteria.o__Desulfovibrionales.f__Desulfovibrionaceae.g__Bilophila.s__Bilophila_unclassified",0.799432520113045,2.55467732737328,0.31292896036112,0.757154540807671
"k__Bacteria.p__Firmicutes.c__Clostridia.o__Clostridiales.f__Clostridiaceae.g__Clostridium.s__Clostridium_nexile",1.3414795648278,4.30582613776122,0.311549867994738,0.758189135095448
"k__Bacteria.p__Firmicutes.c__Clostridia.o__Clostridiales.f__Clostridiaceae.g__Clostridium.s__Clostridium_nexile.t__GCF_000156035",1.3414795648278,4.30582613776122,0.311549867994738,0.758189135095448
"k__Bacteria.p__Proteobacteria.c__Betaproteobacteria.o__Burkholderiales.f__Sutterellaceae.g__Parasutterella",-1.75190093736925,5.75873200696864,-0.304216437793818,0.763698386289254
"k__Bacteria.p__Proteobacteria.c__Betaproteobacteria.o__Burkholderiales.f__Sutterellaceae.g__Parasutterella.s__Parasutterella_excrementihominis",-1.75190093736925,5.75873200696864,-0.304216437793818,0.763698386289254
"k__Bacteria.p__Proteobacteria.c__Betaproteobacteria.o__Burkholderiales.f__Sutterellaceae.g__Parasutterella.s__Parasutterella_excrementihominis.t__GCF_000205025",-1.75190093736925,5.75873200696864,-0.304216437793818,0.763698386289254
"k__Bacteria.p__Bacteroidetes.c__Bacteroidia.o__Bacteroidales.f__Bacteroidaceae.g__Bacteroides.s__Bacteroides_xylanisolvens",0.0405166184676727,0.15166924641944,0.267137995501239,0.791743645631805
"k__Bacteria.p__Bacteroidetes.c__Bacteroidia.o__Bacteroidales.f__Bacteroidaceae.g__Bacteroides.s__Bacteroides_xylanisolvens.t__Bacteroides_xylanisolvens_unclassified",0.0405166184676727,0.15166924641944,0.267137995501239,0.791743645631805
"k__Bacteria.p__Firmicutes.c__Clostridia.o__Clostridiales.f__Clostridiaceae.g__Clostridium.s__Clostridium_perfringens",3.26481071779744,12.7500122402865,0.256063339883044,0.800178265561877
"k__Bacteria.p__Firmicutes.c__Clostridia.o__Clostridiales.f__Clostridiaceae.g__Clostridium.s__Clostridium_perfringens.t__Clostridium_perfringens_unclassified",3.26481071779744,12.7500122402865,0.256063339883044,0.800178265561877
"k__Bacteria.p__Proteobacteria.c__Betaproteobacteria.o__Burkholderiales.f__Sutterellaceae.g__Sutterellaceae_unclassified",1.66721586718762,6.51095103246376,0.256063339883044,0.800178265561877
"k__Bacteria.p__Firmicutes.c__Clostridia.o__Clostridiales.f__Eubacteriaceae.g__Eubacterium.s__Eubacterium_rectale",-0.0506647801833971,0.20422675710631,-0.248081010056011,0.80627323937451
"k__Bacteria.p__Firmicutes.c__Clostridia.o__Clostridiales.f__Eubacteriaceae.g__Eubacterium.s__Eubacterium_rectale.t__Eubacterium_rectale_unclassified",-0.0506647801833971,0.20422675710631,-0.248081010056011,0.80627323937451
"k__Bacteria.p__Verrucomicrobia",-0.0388510068380949,0.158999193021263,-0.244347195101168,0.809128563835593
"k__Bacteria.p__Verrucomicrobia.c__Verrucomicrobiae",-0.0388510068380949,0.158999193021263,-0.244347195101168,0.809128563835593
"k__Bacteria.p__Verrucomicrobia.c__Verrucomicrobiae.o__Verrucomicrobiales",-0.0388510068380949,0.158999193021263,-0.244347195101168,0.809128563835593
"k__Bacteria.p__Verrucomicrobia.c__Verrucomicrobiae.o__Verrucomicrobiales.f__Verrucomicrobiaceae",-0.0388510068380949,0.158999193021263,-0.244347195101168,0.809128563835593
"k__Bacteria.p__Verrucomicrobia.c__Verrucomicrobiae.o__Verrucomicrobiales.f__Verrucomicrobiaceae.g__Akkermansia",-0.0388510068380949,0.158999193021263,-0.244347195101168,0.809128563835593
"k__Bacteria.p__Verrucomicrobia.c__Verrucomicrobiae.o__Verrucomicrobiales.f__Verrucomicrobiaceae.g__Akkermansia.s__Akkermansia_muciniphila",-0.0388510068380949,0.158999193021263,-0.244347195101168,0.809128563835593
"k__Bacteria.p__Verrucomicrobia.c__Verrucomicrobiae.o__Verrucomicrobiales.f__Verrucomicrobiaceae.g__Akkermansia.s__Akkermansia_muciniphila.t__GCF_000020225",-0.0388510068380949,0.158999193021263,-0.244347195101168,0.809128563835593
"k__Bacteria.p__Actinobacteria.c__Actinobacteria.o__Bifidobacteriales.f__Bifidobacteriaceae.g__Bifidobacterium.s__Bifidobacterium_longum",0.240528061779553,0.992254056381453,0.242405722841497,0.810614321641016
"k__Bacteria.p__Actinobacteria.c__Actinobacteria.o__Bifidobacteriales.f__Bifidobacteriaceae.g__Bifidobacterium.s__Bifidobacterium_longum.t__Bifidobacterium_longum_unclassified",0.240528061779553,0.992254056381453,0.242405722841497,0.810614321641016
"k__Bacteria.p__Bacteroidetes.c__Bacteroidia.o__Bacteroidales.f__Prevotellaceae",0.0250383684142685,0.104246951791091,0.240183218636885,0.812316039140096
"k__Bacteria.p__Firmicutes.c__Clostridia.o__Clostridiales.f__Clostridiaceae.g__Clostridium.s__Clostridium_asparagiforme",2.21247896876765,9.53144413806021,0.232124212944075,0.818494496452494
"k__Bacteria.p__Firmicutes.c__Clostridia.o__Clostridiales.f__Clostridiaceae.g__Clostridium.s__Clostridium_asparagiforme.t__GCF_000158075",2.21247896876765,9.53144413806021,0.232124212944075,0.818494496452494
"k__Bacteria.p__Bacteroidetes.c__Bacteroidia.o__Bacteroidales.f__Porphyromonadaceae.g__Odoribacter.s__Odoribacter_unclassified",0.322180854238579,1.47163949441759,0.218926479929845,0.828638403333434
"k__Viruses.p__Viruses_noname.c__Viruses_noname.o__Caudovirales.f__Siphoviridae",0.0630518915376638,0.291546903747583,0.216266716357424,0.830686480503591
"k__Bacteria.p__Firmicutes.c__Clostridia.o__Clostridiales.f__Lachnospiraceae.g__Blautia.s__Ruminococcus_obeum",0.465068052636098,2.21171558002562,0.210274800628167,0.835304863474323
"k__Bacteria.p__Firmicutes.c__Clostridia.o__Clostridiales.f__Lachnospiraceae.g__Blautia.s__Ruminococcus_obeum.t__Ruminococcus_obeum_unclassified",0.465068052636098,2.21171558002562,0.210274800628167,0.835304863474323
"k__Bacteria.p__Bacteroidetes.c__Bacteroidia.o__Bacteroidales.f__Bacteroidales_noname",0.229012495100346,1.09534682423671,0.209077609057691,0.836228353752577
"k__Bacteria.p__Bacteroidetes.c__Bacteroidia.o__Bacteroidales.f__Bacteroidales_noname.g__Bacteroidales_noname",0.229012495100346,1.09534682423671,0.209077609057691,0.836228353752577
"k__Bacteria.p__Bacteroidetes.c__Bacteroidia.o__Bacteroidales.f__Bacteroidales_noname.g__Bacteroidales_noname.s__Bacteroidales_bacterium_ph8",0.229012495100346,1.09534682423671,0.209077609057691,0.836228353752577
"k__Bacteria.p__Bacteroidetes.c__Bacteroidia.o__Bacteroidales.f__Bacteroidales_noname.g__Bacteroidales_noname.s__Bacteroidales_bacterium_ph8.t__GCF_000311925",0.229012495100346,1.09534682423671,0.209077609057691,0.836228353752577
"k__Bacteria.p__Bacteroidetes.c__Bacteroidia.o__Bacteroidales.f__Prevotellaceae.g__Prevotella",0.0213816190105084,0.112705946775272,0.189711542489784,0.851199486162425
"k__Bacteria.p__Bacteroidetes.c__Bacteroidia.o__Bacteroidales.f__Prevotellaceae.g__Prevotella.s__Prevotella_copri",0.0213816190105084,0.112705946775272,0.189711542489784,0.851199486162425
"k__Bacteria.p__Bacteroidetes.c__Bacteroidia.o__Bacteroidales.f__Prevotellaceae.g__Prevotella.s__Prevotella_copri.t__GCF_000157935",0.0213816190105084,0.112705946775272,0.189711542489784,0.851199486162425
"k__Bacteria.p__Firmicutes.c__Negativicutes.o__Selenomonadales.f__Veillonellaceae.g__Anaeroglobus",-1.45104184804689,7.35130891402609,-0.19738550848793,0.851299184906508
"k__Bacteria.p__Firmicutes.c__Negativicutes.o__Selenomonadales.f__Veillonellaceae.g__Anaeroglobus.s__Anaeroglobus_geminatus",-1.45104184804689,7.35130891402609,-0.19738550848793,0.851299184906508
"k__Bacteria.p__Firmicutes.c__Negativicutes.o__Selenomonadales.f__Veillonellaceae.g__Anaeroglobus.s__Anaeroglobus_geminatus.t__GCF_000239275",-1.45104184804689,7.35130891402609,-0.19738550848793,0.851299184906508
"k__Bacteria.p__Firmicutes.c__Clostridia.o__Clostridiales.f__Lachnospiraceae.g__Blautia.s__Ruminococcus_torques",-0.0353007087345622,0.188666149597067,-0.187106742836241,0.85321765696812
"k__Bacteria.p__Firmicutes.c__Clostridia.o__Clostridiales.f__Lachnospiraceae.g__Blautia.s__Ruminococcus_torques.t__Ruminococcus_torques_unclassified",-0.0353007087345622,0.188666149597067,-0.187106742836241,0.85321765696812
"k__Bacteria.p__Firmicutes.c__Erysipelotrichia.o__Erysipelotrichales.f__Erysipelotrichaceae.g__Holdemania",-15.165078898494,87.6356758722861,-0.173046864162883,0.864128451538104
"k__Bacteria.p__Firmicutes.c__Negativicutes.o__Selenomonadales.f__Acidaminococcaceae.g__Phascolarctobacterium",-0.13070338488265,0.816281211703153,-0.160120535679046,0.874184075422663
"k__Bacteria.p__Firmicutes.c__Negativicutes.o__Selenomonadales.f__Acidaminococcaceae.g__Phascolarctobacterium.s__Phascolarctobacterium_succinatutens",-0.13070338488265,0.816281211703153,-0.160120535679046,0.874184075422663
"k__Bacteria.p__Firmicutes.c__Negativicutes.o__Selenomonadales.f__Acidaminococcaceae.g__Phascolarctobacterium.s__Phascolarctobacterium_succinatutens.t__GCF_000188175",-0.13070338488265,0.816281211703153,-0.160120535679046,0.874184075422663
"k__Viruses.p__Viruses_noname.c__Viruses_noname.o__Caudovirales.f__Siphoviridae.g__C2likevirus",-0.185623273668835,1.23999934432382,-0.149696267597671,0.882309199662656
"k__Viruses.p__Viruses_noname.c__Viruses_noname.o__Caudovirales.f__Siphoviridae.g__C2likevirus.s__C2likevirus_unclassified",-0.185623273668835,1.23999934432382,-0.149696267597671,0.882309199662656
"k__Bacteria.p__Firmicutes.c__Clostridia.o__Clostridiales.f__Lachnospiraceae.g__Lachnospiraceae_noname.s__Lachnospiraceae_bacterium_5_1_63FAA",-1.42677887621306,10.1209091840373,-0.140973389867322,0.88911839016084
"k__Bacteria.p__Firmicutes.c__Clostridia.o__Clostridiales.f__Lachnospiraceae.g__Lachnospiraceae_noname.s__Lachnospiraceae_bacterium_5_1_63FAA.t__GCF_000185525",-1.42677887621306,10.1209091840373,-0.140973389867322,0.88911839016084
"k__Bacteria.p__Proteobacteria.c__Betaproteobacteria.o__Burkholderiales.f__Sutterellaceae",-0.34997834117681,2.54909078479253,-0.137295361650014,0.891992154965546
"k__Bacteria.p__Bacteroidetes",0.0042315129985269,0.0316324966515397,0.133771072360832,0.894747218857267
"k__Bacteria.p__Bacteroidetes.c__Bacteroidia",0.0042315129985269,0.0316324966515397,0.133771072360832,0.894747218857267
"k__Bacteria.p__Bacteroidetes.c__Bacteroidia.o__Bacteroidales",0.0042315129985269,0.0316324966515397,0.133771072360832,0.894747218857267
"k__Bacteria.p__Firmicutes.c__Clostridia.o__Clostridiales.f__Clostridiaceae.g__Clostridium.s__Clostridium_clostridioforme",0.208103584025665,1.56496369172801,0.132976621199358,0.895368458293236
"k__Bacteria.p__Firmicutes.c__Clostridia.o__Clostridiales.f__Clostridiaceae.g__Clostridium.s__Clostridium_clostridioforme.t__Clostridium_clostridioforme_unclassified",0.208103584025665,1.56496369172801,0.132976621199358,0.895368458293236
"k__Bacteria.p__Actinobacteria.c__Actinobacteria.o__Bifidobacteriales.f__Bifidobacteriaceae.g__Bifidobacterium.s__Bifidobacterium_dentium",-0.433745391455216,3.6035273484053,-0.120366893190686,0.905237823416922
"k__Bacteria.p__Actinobacteria.c__Actinobacteria.o__Bifidobacteriales.f__Bifidobacteriaceae.g__Bifidobacterium.s__Bifidobacterium_dentium.t__Bifidobacterium_dentium_unclassified",-0.433745391455216,3.6035273484053,-0.120366893190686,0.905237823416922
"k__Bacteria.p__Actinobacteria.c__Actinobacteria.o__Coriobacteriales.f__Coriobacteriaceae.g__Slackia",-10.1194090265128,84.0713651259706,-0.120366893190686,0.905237823416922
"k__Bacteria.p__Actinobacteria.c__Actinobacteria.o__Coriobacteriales.f__Coriobacteriaceae.g__Slackia.s__Slackia_piriformis",-10.1194090265128,84.0713651259706,-0.120366893190686,0.905237823416922
"k__Bacteria.p__Actinobacteria.c__Actinobacteria.o__Coriobacteriales.f__Coriobacteriaceae.g__Slackia.s__Slackia_piriformis.t__GCF_000296445",-10.1194090265128,84.0713651259706,-0.120366893190686,0.905237823416922
"k__Bacteria.p__Firmicutes.c__Bacilli.o__Lactobacillales.f__Lactobacillaceae.g__Lactobacillus.s__Lactobacillus_vaginalis",-0.123876594136921,1.0291583578607,-0.120366893190686,0.905237823416922
"k__Bacteria.p__Firmicutes.c__Bacilli.o__Lactobacillales.f__Lactobacillaceae.g__Lactobacillus.s__Lactobacillus_vaginalis.t__GCF_000159435",-0.123876594136921,1.0291583578607,-0.120366893190686,0.905237823416922
"k__Bacteria.p__Firmicutes.c__Erysipelotrichia.o__Erysipelotrichales.f__Erysipelotrichaceae.g__Holdemania.s__Holdemania_filiformis",-16.2760416666667,135.220252307103,-0.120366893190686,0.905237823416922
"k__Bacteria.p__Firmicutes.c__Erysipelotrichia.o__Erysipelotrichales.f__Erysipelotrichaceae.g__Holdemania.s__Holdemania_filiformis.t__GCF_000157995",-16.2760416666667,135.220252307103,-0.120366893190686,0.905237823416922
"k__Bacteria.p__Synergistetes",-0.206478894759772,1.71541267940402,-0.120366893190686,0.905237823416922
"k__Bacteria.p__Synergistetes.c__Synergistia",-0.206478894759772,1.71541267940402,-0.120366893190686,0.905237823416922
"k__Bacteria.p__Synergistetes.c__Synergistia.o__Synergistales",-0.206478894759772,1.71541267940402,-0.120366893190686,0.905237823416922
"k__Bacteria.p__Synergistetes.c__Synergistia.o__Synergistales.f__Synergistaceae",-0.206478894759772,1.71541267940402,-0.120366893190686,0.905237823416922
"k__Bacteria.p__Synergistetes.c__Synergistia.o__Synergistales.f__Synergistaceae.g__Pyramidobacter",-0.206478894759772,1.71541267940402,-0.120366893190686,0.905237823416922
"k__Bacteria.p__Synergistetes.c__Synergistia.o__Synergistales.f__Synergistaceae.g__Pyramidobacter.s__Pyramidobacter_piscolens",-0.206478894759772,1.71541267940402,-0.120366893190686,0.905237823416922
"k__Bacteria.p__Synergistetes.c__Synergistia.o__Synergistales.f__Synergistaceae.g__Pyramidobacter.s__Pyramidobacter_piscolens.t__GCF_000177335",-0.206478894759772,1.71541267940402,-0.120366893190686,0.905237823416922
"k__Bacteria.p__Firmicutes.c__Erysipelotrichia.o__Erysipelotrichales.f__Erysipelotrichaceae.g__Erysipelotrichaceae_noname.s__Erysipelotrichaceae_bacterium_6_1_45",-69.7350069735001,579.353716997798,-0.120366893190685,0.905237823416923
"k__Bacteria.p__Firmicutes.c__Erysipelotrichia.o__Erysipelotrichales.f__Erysipelotrichaceae.g__Erysipelotrichaceae_noname.s__Erysipelotrichaceae_bacterium_6_1_45.t__GCF_000242175",-69.7350069735001,579.353716997798,-0.120366893190685,0.905237823416923
"k__Bacteria.p__Firmicutes.c__Erysipelotrichia.o__Erysipelotrichales.f__Erysipelotrichaceae.g__Erysipelotrichaceae_noname.s__Eubacterium_cylindroides",-2.51762336354479,20.9162444656305,-0.120366893190685,0.905237823416923
"k__Bacteria.p__Firmicutes.c__Erysipelotrichia.o__Erysipelotrichales.f__Erysipelotrichaceae.g__Erysipelotrichaceae_noname.s__Eubacterium_cylindroides.t__GCF_000469305",-2.51762336354479,20.9162444656305,-0.120366893190685,0.905237823416923
"k__Bacteria.p__Proteobacteria.c__Gammaproteobacteria.o__Pasteurellales",-5.6239806535065,46.7236505356753,-0.120366893190685,0.905237823416923
"k__Bacteria.p__Proteobacteria.c__Gammaproteobacteria.o__Pasteurellales.f__Pasteurellaceae",-5.6239806535065,46.7236505356753,-0.120366893190685,0.905237823416923
"k__Bacteria.p__Proteobacteria.c__Gammaproteobacteria.o__Pasteurellales.f__Pasteurellaceae.g__Haemophilus",-5.6239806535065,46.7236505356753,-0.120366893190685,0.905237823416923
"k__Bacteria.p__Proteobacteria.c__Gammaproteobacteria.o__Pasteurellales.f__Pasteurellaceae.g__Haemophilus.s__Haemophilus_parainfluenzae",-5.6239806535065,46.7236505356753,-0.120366893190685,0.905237823416923
"k__Bacteria.p__Proteobacteria.c__Gammaproteobacteria.o__Pasteurellales.f__Pasteurellaceae.g__Haemophilus.s__Haemophilus_parainfluenzae.t__Haemophilus_parainfluenzae_unclassified",-5.6239806535065,46.7236505356753,-0.120366893190685,0.905237823416923
"k__Bacteria.p__Actinobacteria.c__Actinobacteria.o__Coriobacteriales.f__Coriobacteriaceae.g__Adlercreutzia",-148.148148148147,1230.80478544421,-0.120366893190685,0.905237823416923
"k__Bacteria.p__Actinobacteria.c__Actinobacteria.o__Coriobacteriales.f__Coriobacteriaceae.g__Adlercreutzia.s__Adlercreutzia_equolifaciens",-148.148148148147,1230.80478544421,-0.120366893190685,0.905237823416923
"k__Bacteria.p__Actinobacteria.c__Actinobacteria.o__Coriobacteriales.f__Coriobacteriaceae.g__Adlercreutzia.s__Adlercreutzia_equolifaciens.t__GCF_000478885",-148.148148148147,1230.80478544421,-0.120366893190685,0.905237823416923
"k__Bacteria.p__Bacteroidetes.c__Bacteroidia.o__Bacteroidales.f__Porphyromonadaceae.g__Odoribacter.s__Odoribacter_splanchnicus",-0.107721127236963,0.894939832552723,-0.120366893190685,0.905237823416923
"k__Bacteria.p__Bacteroidetes.c__Bacteroidia.o__Bacteroidales.f__Porphyromonadaceae.g__Odoribacter.s__Odoribacter_splanchnicus.t__GCF_000190535",-0.107721127236963,0.894939832552723,-0.120366893190685,0.905237823416923
"k__Bacteria.p__Firmicutes.c__Clostridia.o__Clostridiales.f__Eubacteriaceae.g__Eubacterium.s__Eubacterium_limosum",-5.01932439893586,41.7002073068736,-0.120366893190685,0.905237823416923
"k__Bacteria.p__Firmicutes.c__Clostridia.o__Clostridiales.f__Eubacteriaceae.g__Eubacterium.s__Eubacterium_limosum.t__GCF_000152245",-5.01932439893586,41.7002073068736,-0.120366893190685,0.905237823416923
"k__Bacteria.p__Firmicutes.c__Clostridia.o__Clostridiales.f__Lachnospiraceae.g__Coprococcus.s__Coprococcus_catus",-23.0043708304576,191.118755503759,-0.120366893190685,0.905237823416923
"k__Bacteria.p__Firmicutes.c__Clostridia.o__Clostridiales.f__Lachnospiraceae.g__Coprococcus.s__Coprococcus_catus.t__GCF_000210555",-23.0043708304576,191.118755503759,-0.120366893190685,0.905237823416923
"k__Bacteria.p__Firmicutes.c__Erysipelotrichia.o__Erysipelotrichales.f__Erysipelotrichaceae.g__Holdemania.s__Holdemania_unclassified",-13.3761369716425,111.128040419321,-0.120366893190685,0.905237823416923
"k__Bacteria.p__Proteobacteria.c__Betaproteobacteria.o__Burkholderiales.f__Sutterellaceae.g__Sutterella",-0.358238042014154,2.97621740096453,-0.120366893190685,0.905237823416923
"k__Bacteria.p__Proteobacteria.c__Betaproteobacteria.o__Burkholderiales.f__Sutterellaceae.g__Sutterella.s__Sutterella_wadsworthensis",-0.358238042014154,2.97621740096453,-0.120366893190685,0.905237823416923
"k__Bacteria.p__Proteobacteria.c__Betaproteobacteria.o__Burkholderiales.f__Sutterellaceae.g__Sutterella.s__Sutterella_wadsworthensis.t__Sutterella_wadsworthensis_unclassified",-0.358238042014154,2.97621740096453,-0.120366893190685,0.905237823416923
"k__Viruses.p__Viruses_noname.c__Viruses_noname.o__Caudovirales.f__Siphoviridae.g__T5likevirus",0.0378421020631764,0.319143785735867,0.11857383334575,0.907088912265472
"k__Viruses.p__Viruses_noname.c__Viruses_noname.o__Caudovirales.f__Siphoviridae.g__T5likevirus.s__T5likevirus_unclassified",0.0378421020631764,0.319143785735867,0.11857383334575,0.907088912265472
"k__Bacteria.p__Bacteroidetes.c__Bacteroidia.o__Bacteroidales.f__Prevotellaceae.g__Paraprevotella.s__Paraprevotella_clara",0.516024344915976,5.24526040242488,0.0983791662044879,0.922483587392838
"k__Bacteria.p__Bacteroidetes.c__Bacteroidia.o__Bacteroidales.f__Prevotellaceae.g__Paraprevotella.s__Paraprevotella_clara.t__GCF_000233955",0.516024344915976,5.24526040242488,0.0983791662044879,0.922483587392838
"k__Bacteria.p__Bacteroidetes.c__Bacteroidia.o__Bacteroidales.f__Bacteroidaceae.g__Bacteroides.s__Bacteroides_uniformis.t__Bacteroides_uniformis_unclassified",-0.00482800986092579,0.0514408003522984,-0.093855652086682,0.926036655983606
"k__Bacteria.p__Firmicutes.c__Bacilli.o__Lactobacillales.f__Lactobacillaceae.g__Lactobacillus.s__Lactobacillus_gasseri",-0.0503570547373108,0.582115736951693,-0.0865069461976935,0.931812139745178
"k__Bacteria.p__Firmicutes.c__Bacilli.o__Lactobacillales.f__Lactobacillaceae.g__Lactobacillus.s__Lactobacillus_gasseri.t__Lactobacillus_gasseri_unclassified",-0.0503570547373108,0.582115736951693,-0.0865069461976935,0.931812139745178
"k__Bacteria.p__Bacteroidetes.c__Bacteroidia.o__Bacteroidales.f__Rikenellaceae.g__Alistipes.s__Alistipes_putredinis",-0.0124885330587803,0.191227804128885,-0.065307098597248,0.948493822292012
"k__Bacteria.p__Bacteroidetes.c__Bacteroidia.o__Bacteroidales.f__Rikenellaceae.g__Alistipes.s__Alistipes_putredinis.t__GCF_000154465",-0.0124885330587803,0.191227804128885,-0.065307098597248,0.948493822292012
"k__Bacteria.p__Firmicutes.c__Clostridia.o__Clostridiales.f__Lachnospiraceae.g__Roseburia",-0.00859856698443159,0.138397818228122,-0.0621293535874859,0.950996586515585
"k__Bacteria.p__Bacteroidetes.c__Bacteroidia.o__Bacteroidales.f__Porphyromonadaceae.g__Parabacteroides.s__Parabacteroides_merdae",0.0069899455981644,0.208961530188001,0.0334508729519525,0.97360364853494
"k__Bacteria.p__Bacteroidetes.c__Bacteroidia.o__Bacteroidales.f__Porphyromonadaceae.g__Parabacteroides.s__Parabacteroides_merdae.t__Parabacteroides_merdae_unclassified",0.0069899455981644,0.208961530188001,0.0334508729519525,0.97360364853494
